risk gene,clearance gene,correlation,t
,,0,0
coeff2,coeff1,0,0
coeff6,coeff1,0,0
coeff9,coeff1,0,0
coeff10,coeff1,0,0
coeff12,coeff1,0,0
coeff14,coeff1,0,0
coeff15,coeff1,0,0
coeff16,coeff1,0,0
coeff18,coeff1,0,0
coeff20,coeff1,0,0
coeff21,coeff1,0,0
coeff22,coeff1,0,0
coeff23,coeff1,0,0
coeff24,coeff1,0,0
coeff25,coeff1,0,0
coeff26,coeff1,0,0
coeff30,coeff1,0,0
coeff32,coeff1,0,0
coeff34,coeff1,0,0
coeff36,coeff1,0,0
coeff37,coeff1,0,0
coeff40,coeff1,0,0
,,0,0
coeff1,coeff3,0,0
coeff2,coeff3,0,0
,,0,0
coeff4,coeff3,0,0
coeff5,coeff3,0,0
coeff6,coeff3,0,0
coeff8,coeff3,0,0
coeff9,coeff3,0,0
coeff10,coeff3,0,0
coeff11,coeff3,0,0
coeff12,coeff3,0,0
coeff13,coeff3,0,0
coeff14,coeff3,0,0
coeff15,coeff3,0,0
coeff16,coeff3,0,0
coeff17,coeff3,0,0
coeff18,coeff3,0,0
coeff19,coeff3,0,0
coeff20,coeff3,0,0
coeff21,coeff3,0,0
coeff22,coeff3,0,0
coeff23,coeff3,0,0
coeff24,coeff3,0,0
coeff25,coeff3,0,0
coeff26,coeff3,0,0
coeff27,coeff3,0,0
coeff28,coeff3,0,0
coeff29,coeff3,0,0
coeff30,coeff3,0,0
coeff31,coeff3,0,0
coeff32,coeff3,0,0
coeff33,coeff3,0,0
coeff34,coeff3,0,0
coeff35,coeff3,0,0
coeff36,coeff3,0,0
coeff37,coeff3,0,0
coeff38,coeff3,0,0
coeff39,coeff3,0,0
coeff40,coeff3,0,0
coeff41,coeff3,0,0
,,0,0
,,0,0
,,0,0
,,0,0
,,0,0
,,0,0
,,0,0
,,0,0
,,0,0
,,0,0
,,0,0
,,0,0
,,0,0
coeff2,coeff17,0,0
coeff10,coeff17,0,0
coeff15,coeff17,0,0
coeff16,coeff17,0,0
,,0,0
coeff18,coeff17,0,0
coeff22,coeff17,0,0
coeff34,coeff17,0,0
coeff36,coeff17,0,0
coeff37,coeff17,0,0
coeff10,coeff18,0,0
,,0,0
coeff2,coeff19,0,0
coeff6,coeff19,0,0
coeff9,coeff19,0,0
coeff10,coeff19,0,0
coeff12,coeff19,0,0
,,0,0
coeff20,coeff19,0,0
,,0,0
,,0,0
,,0,0
,,0,0
,,0,0
,,0,0
coeff10,coeff26,0,0
coeff18,coeff26,0,0
,,0,0
,,0,0
coeff9,coeff28,0,0
,,0,0
,,0,0
,,0,0
,,0,0
,,0,0
coeff2,coeff33,0,0
coeff9,coeff33,0,0
coeff10,coeff33,0,0
,,0,0
,,0,0
,,0,0
,,0,0
,,0,0
,,0,0
,,0,0
,,0,0
,,0,0
coeff28,coeff17,0.000284392418030824,1522
coeff39,coeff1,0.00105797997698707,2930
coeff28,coeff1,0.00251160125076167,2822
coeff41,coeff1,0.0038680965224062,3573
coeff29,coeff1,0.00634629546967989,2600
coeff39,coeff17,0.00637939814867877,1563
coeff41,coeff17,0.00642026206747357,1843
coeff2,coeff25,0.0131778006498155,10000
coeff30,coeff17,0.0135254550457205,1169
coeff35,coeff1,0.0140256169626506,2851
coeff23,coeff17,0.0141173610791516,935
coeff40,coeff17,0.0142683132533465,1084
coeff23,coeff19,0.0162397810457019,1094
coeff7,coeff3,0.0191478827536927,10000
coeff8,coeff17,0.0205024041242455,1763
coeff10,coeff22,0.0225428624253968,10000
coeff11,coeff1,0.0234690193585416,2750
coeff10,coeff28,0.0274685825871316,10000
coeff4,coeff19,0.0318336013459772,1070
coeff10,coeff4,0.0357542879593005,10000
coeff33,coeff17,0.0369873467345868,1007
coeff4,coeff1,0.0375558054632752,10000
coeff9,coeff21,0.0380463698935616,1183
coeff12,coeff33,0.0381045928259237,2544
coeff25,coeff17,0.0383611290307637,1115
coeff10,coeff32,0.0399436031669963,10000
coeff20,coeff17,0.0400685104143279,824
coeff8,coeff1,0.0454426383518479,2989
coeff31,coeff17,0.0465255019901069,1080
coeff24,coeff17,0.0468007278726875,1014
coeff29,coeff17,0.047205876020439,955
coeff9,coeff32,0.0501343162725269,10000
coeff12,coeff17,0.055930709073897,356
coeff3,coeff1,0.0576391707430804,2661
coeff7,coeff19,0.0576676148732662,1082
coeff9,coeff4,0.0579194220755348,10000
coeff12,coeff22,0.0619663255177669,911
coeff18,coeff28,0.0629296918045883,2190
coeff2,coeff32,0.0667955026497502,10000
coeff9,coeff22,0.074540778037247,854
coeff36,coeff25,0.0760827248776898,699
coeff11,coeff19,0.0780796783322051,980
coeff1,coeff17,0.0787949163236004,1289
coeff35,coeff17,0.0794956338326672,887
coeff18,coeff25,0.0817045904292953,629
coeff31,coeff1,0.0822710204431145,3027
coeff38,coeff1,0.0833623154534568,2433
coeff10,coeff36,0.0834961988457516,2828
coeff29,coeff25,0.0854997182725432,3488
coeff23,coeff22,0.0904375003840843,10000
coeff21,coeff22,0.0913933545022065,10000
coeff6,coeff33,0.0959108118145421,10000
coeff19,coeff1,0.0970553853047882,3246
coeff10,coeff14,0.0972791009200581,10000
coeff13,coeff17,0.0995620143567125,968
coeff9,coeff14,0.102639557133836,1011
coeff19,coeff17,0.103256741295684,1067
coeff13,coeff4,0.103846408074996,10000
coeff12,coeff4,0.10417559069727,10000
coeff33,coeff1,0.105028873841278,2952
coeff22,coeff25,0.105255803328266,10000
coeff10,coeff35,0.105717488848207,10000
coeff23,coeff32,0.106812761243234,10000
coeff28,coeff25,0.108504795750564,3124
coeff2,coeff24,0.108967528639633,10000
coeff22,coeff14,0.112342662363768,10000
coeff40,coeff14,0.115362087595586,10000
coeff7,coeff1,0.116690239761747,10000
coeff12,coeff14,0.117022452188071,10000
coeff6,coeff22,0.124675596916256,10000
coeff29,coeff14,0.126074057943483,10000
coeff36,coeff14,0.127996158143563,10000
coeff20,coeff14,0.129848100847027,10000
coeff18,coeff14,0.131187989394005,10000
coeff21,coeff14,0.131685201889831,10000
coeff25,coeff14,0.132373875624865,10000
coeff32,coeff14,0.133007183308968,10000
coeff39,coeff14,0.1341976940635,10000
coeff10,coeff25,0.13593619584157,533
coeff37,coeff14,0.135979288861361,10000
coeff28,coeff14,0.137016189678624,10000
coeff26,coeff14,0.138381962220683,10000
coeff31,coeff14,0.141894257060707,10000
coeff6,coeff28,0.142207014395297,10000
coeff12,coeff32,0.142469744860913,10000
coeff23,coeff14,0.144475213855896,10000
coeff24,coeff14,0.144980044849761,10000
coeff34,coeff7,0.146362333650457,278
coeff20,coeff25,0.146431913778089,696
coeff12,coeff7,0.147837464767789,359
coeff30,coeff7,0.14797388380207,389
coeff9,coeff7,0.148369518864826,357
coeff20,coeff7,0.148484457937195,420
coeff41,coeff7,0.148535251219202,436
coeff24,coeff7,0.148628824390901,434
coeff37,coeff7,0.148721112539436,355
coeff14,coeff7,0.148852836410751,378
coeff4,coeff7,0.148897200533328,424
coeff28,coeff7,0.14935109480326,358
coeff31,coeff7,0.149404569241987,411
coeff39,coeff7,0.149448180942723,401
coeff10,coeff7,0.149576042008676,408
coeff18,coeff7,0.149602445380598,402
coeff32,coeff7,0.14962935234789,402
coeff33,coeff7,0.149633804021386,397
coeff29,coeff7,0.149777401464713,387
coeff21,coeff7,0.149855774466302,433
coeff23,coeff7,0.149886848942572,431
coeff25,coeff7,0.149918294033782,435
coeff26,coeff7,0.149955190240153,402
coeff36,coeff7,0.149961466551164,426
coeff19,coeff7,0.150049061920962,422
coeff40,coeff7,0.150081378786288,472
coeff35,coeff7,0.150118954849685,445
coeff11,coeff7,0.150122797988694,469
coeff13,coeff7,0.150226186476655,487
coeff33,coeff14,0.150377126828358,10000
coeff6,coeff7,0.150385486872177,450
coeff38,coeff7,0.150426990865879,470
coeff27,coeff7,0.150576904323643,551
coeff22,coeff7,0.150576929908171,460
coeff6,coeff14,0.150580559152662,10000
coeff7,coeff14,0.151944276565194,10000
coeff36,coeff19,0.153477324676717,319
coeff6,coeff4,0.153575464788675,10000
coeff19,coeff14,0.156398410276181,10000
coeff10,coeff15,0.157593114811627,10000
coeff13,coeff22,0.166108863358894,1475
coeff35,coeff14,0.166186920753579,10000
coeff11,coeff25,0.166376365584375,636
coeff30,coeff14,0.168780961619357,10000
coeff21,coeff25,0.169294435055579,764
coeff10,coeff30,0.172523465124675,1818
coeff13,coeff14,0.176291019884235,10000
coeff11,coeff14,0.17676635014634,10000
coeff41,coeff14,0.177215204240599,10000
coeff34,coeff14,0.17729672879347,10000
coeff38,coeff14,0.179038298289357,10000
coeff23,coeff25,0.18570762355819,783
coeff6,coeff25,0.187386133918113,2309
coeff26,coeff17,0.197526193410802,268
coeff21,coeff17,0.197699658415911,270
coeff32,coeff17,0.197700179866086,283
coeff38,coeff17,0.197700274289527,286
coeff11,coeff17,0.197700296461543,249
coeff9,coeff17,0.19770065377293,241
coeff9,coeff25,0.197702109840346,525
coeff6,coeff32,0.202313587697922,10000
coeff2,coeff15,0.205404065327025,10000
coeff10,coeff5,0.205583165790349,863
coeff6,coeff30,0.208519750221275,1992
coeff23,coeff5,0.208918979322859,1047
coeff2,coeff5,0.213609603511713,843
coeff25,coeff19,0.216854494505875,277
coeff12,coeff25,0.217151007624222,484
coeff27,coeff14,0.220011369415869,10000
coeff9,coeff5,0.220413526347619,1096
coeff10,coeff16,0.226744590517065,964
coeff12,coeff38,0.228009626470266,10000
coeff12,coeff5,0.22877041222831,1302
coeff10,coeff37,0.234890019295189,10000
coeff9,coeff15,0.236721626811818,10000
coeff9,coeff30,0.23759425084716,1541
coeff39,coeff19,0.237747964776636,302
coeff26,coeff15,0.240425543446932,10000
coeff14,coeff15,0.246149125871023,10000
coeff6,coeff24,0.248913645895507,10000
coeff19,coeff5,0.249362199622993,925
coeff20,coeff15,0.249911078503372,10000
coeff12,coeff30,0.250249453859989,1734
coeff24,coeff15,0.252305328584185,10000
coeff20,coeff5,0.252876282547282,1133
coeff14,coeff8,0.253243769788812,1018
coeff36,coeff5,0.25377052131395,1096
coeff39,coeff25,0.255370778056556,643
coeff40,coeff5,0.255474511505628,1091
coeff1,coeff5,0.2584176074163,1162
coeff12,coeff15,0.258639896545025,10000
coeff18,coeff15,0.260643147848356,10000
coeff39,coeff5,0.260651256887784,1000
coeff29,coeff5,0.260871332030995,880
coeff40,coeff25,0.261070344880617,760
coeff30,coeff5,0.261814553147038,1140
coeff16,coeff15,0.263009727447775,10000
coeff33,coeff5,0.263676185920698,856
coeff34,coeff5,0.266646019080309,962
coeff21,coeff15,0.268039317611949,10000
coeff11,coeff5,0.268659443997434,1040
coeff24,coeff5,0.272689665091956,1010
coeff25,coeff5,0.273749006676018,1035
coeff38,coeff5,0.275508003634026,1037
coeff18,coeff5,0.276462684087637,999
coeff16,coeff5,0.278058028895946,843
coeff4,coeff5,0.280971554655484,980
coeff14,coeff5,0.283737091922164,1048
coeff37,coeff5,0.283943876501328,869
coeff22,coeff19,0.284422912639361,260
coeff32,coeff5,0.284661718942152,1037
coeff26,coeff5,0.285600736366887,1061
coeff1,coeff15,0.285753248639844,10000
coeff33,coeff15,0.286851630335206,10000
coeff6,coeff5,0.288984784501716,1023
coeff8,coeff15,0.289767577915983,10000
coeff40,coeff15,0.290439727298568,10000
coeff37,coeff15,0.29244087689843,10000
coeff8,coeff13,0.293504079921156,288
coeff5,coeff13,0.293683867551177,308
coeff16,coeff13,0.293837425089234,250
coeff35,coeff5,0.293872966244869,970
coeff12,coeff16,0.293986310834149,925
coeff2,coeff13,0.294176163444917,390
coeff34,coeff13,0.294265617024999,232
coeff28,coeff13,0.294327697117266,247
coeff14,coeff13,0.294427576828757,265
coeff37,coeff13,0.294440286839884,249
coeff20,coeff13,0.294450469830934,288
coeff31,coeff13,0.294462789128711,269
coeff41,coeff13,0.294479588055235,282
coeff30,coeff13,0.294507556551511,261
coeff18,coeff13,0.294614663653331,277
coeff27,coeff5,0.294639746480666,1063
coeff4,coeff13,0.294816357572661,294
coeff15,coeff16,0.295082945682453,843
coeff2,coeff9,0.29514971851099,216
coeff10,coeff12,0.295167665853095,188
coeff24,coeff9,0.295458330245415,240
coeff29,coeff9,0.295470926849596,231
coeff26,coeff9,0.295474152019387,232
coeff10,coeff13,0.295500453201777,265
coeff8,coeff4,0.295555397219807,184
coeff36,coeff13,0.295569376889113,346
coeff8,coeff22,0.295623299601449,187
coeff21,coeff9,0.295642009443427,279
coeff10,coeff9,0.295661089418827,233
coeff8,coeff14,0.295685267216318,158
coeff12,coeff13,0.295690537088923,234
coeff16,coeff4,0.29572617144006,189
coeff12,coeff9,0.295748900104244,211
coeff16,coeff14,0.295771466767333,155
coeff39,coeff13,0.295774846317853,305
coeff2,coeff4,0.295791775383497,197
coeff16,coeff22,0.29580997810118,199
coeff3,coeff4,0.295810891861695,289
coeff5,coeff4,0.295821256115345,275
coeff33,coeff4,0.295839312725086,189
coeff17,coeff4,0.29584050479558,249
coeff2,coeff21,0.295846134679117,248
coeff1,coeff4,0.295847775457819,272
coeff2,coeff14,0.295864302780793,164
coeff5,coeff22,0.295864984969084,279
coeff19,coeff4,0.29587073459914,208
coeff34,coeff4,0.295878592889142,207
coeff37,coeff4,0.295881559576927,195
coeff2,coeff22,0.295890934782892,211
coeff33,coeff22,0.295895030314866,195
coeff28,coeff4,0.295897053208914,205
coeff15,coeff4,0.295910612391554,232
coeff34,coeff22,0.295910751583652,211
coeff29,coeff4,0.295911549475251,194
coeff37,coeff22,0.295922388157251,198
coeff17,coeff22,0.295922411376573,267
coeff28,coeff22,0.295923556131594,209
coeff17,coeff14,0.29592425457201,203
coeff1,coeff22,0.295925752737071,274
coeff5,coeff14,0.295935064113297,227
coeff15,coeff22,0.295938241569715,232
coeff19,coeff22,0.295942078646027,220
coeff15,coeff14,0.29595127548477,189
coeff41,coeff4,0.295955931242401,216
coeff29,coeff22,0.295968751101795,200
coeff1,coeff14,0.295977540856861,221
coeff31,coeff4,0.295983564818193,231
coeff1,coeff13,0.295985092244845,397
coeff41,coeff22,0.295986647517679,225
coeff23,coeff4,0.296000202119444,213
coeff7,coeff4,0.296003557271635,240
coeff39,coeff4,0.296003940610081,228
coeff25,coeff4,0.296008494205333,255
coeff2,coeff28,0.296010476208472,228
coeff36,coeff4,0.29601799471165,245
coeff27,coeff4,0.296021006497706,261
coeff35,coeff4,0.296036810688404,257
coeff16,coeff26,0.296038607517562,292
coeff27,coeff22,0.296039846760447,269
coeff31,coeff22,0.29603989603051,245
coeff38,coeff4,0.296040919368706,250
coeff24,coeff4,0.296045160797622,247
coeff40,coeff4,0.296045209569386,239
coeff7,coeff22,0.296050031754448,253
coeff30,coeff4,0.296050125754289,249
coeff18,coeff4,0.296052232483769,244
coeff31,coeff5,0.296057859600753,992
coeff32,coeff4,0.296062448675194,255
coeff38,coeff22,0.296063231134374,255
coeff20,coeff4,0.296064550821297,260
coeff39,coeff22,0.296065740791883,242
coeff25,coeff22,0.296071065093891,273
coeff14,coeff4,0.296073056592655,284
coeff36,coeff22,0.296077090520597,256
coeff21,coeff4,0.296079848961777,235
coeff22,coeff4,0.296083891973583,259
coeff2,coeff30,0.296093913016124,258
coeff35,coeff22,0.296097446673041,283
coeff30,coeff22,0.296098670880117,262
coeff32,coeff22,0.296101107468868,264
coeff26,coeff4,0.296102585094567,267
coeff27,coeff13,0.296102618697449,347
coeff11,coeff4,0.296107777313481,257
coeff40,coeff22,0.296112776029708,253
coeff20,coeff22,0.296116390152011,278
coeff24,coeff22,0.296119937097911,261
coeff2,coeff26,0.29612563273123,322
coeff18,coeff22,0.296131962637658,263
coeff14,coeff22,0.29615651186104,309
coeff33,coeff26,0.296160038078659,308
coeff26,coeff22,0.296162933716891,280
coeff29,coeff13,0.296247936443824,282
coeff28,coeff5,0.296367206410992,895
coeff23,coeff13,0.296410490763927,327
coeff40,coeff13,0.296696064111582,371
coeff32,coeff13,0.296741352250536,319
coeff16,coeff28,0.296777272721971,332
coeff10,coeff21,0.296778725094269,345
coeff29,coeff15,0.296845291608158,10000
coeff17,coeff13,0.297048211736884,447
coeff15,coeff13,0.297498846643969,428
coeff7,coeff13,0.297956788046115,353
coeff37,coeff9,0.29797129910101,10000
coeff3,coeff14,0.29817798482618,246
coeff24,coeff13,0.298828724169023,325
coeff26,coeff13,0.299219581136584,316
coeff28,coeff8,0.29986728024125,972
coeff31,coeff9,0.300340818147983,10000
coeff21,coeff13,0.300496464720308,308
coeff32,coeff15,0.30058908753558,10000
coeff25,coeff13,0.300769509278352,394
coeff6,coeff13,0.301378007531949,325
coeff25,coeff15,0.301446293678157,10000
coeff18,coeff9,0.301735482939066,10000
coeff41,coeff5,0.301942410704825,1006
coeff31,coeff8,0.301974207778987,1194
coeff21,coeff5,0.302084148804961,1029
coeff36,coeff15,0.302818295166594,10000
coeff23,coeff9,0.303131545720487,10000
coeff33,coeff13,0.30323780081588,345
coeff22,coeff13,0.303422748290065,385
coeff29,coeff8,0.303446769235321,1005
coeff22,coeff15,0.303802794902375,10000
coeff39,coeff9,0.303991512365994,10000
coeff19,coeff15,0.305516800174053,10000
coeff15,coeff9,0.3059381827359,10000
coeff32,coeff9,0.307072547787478,10000
coeff34,coeff15,0.307209865169265,10000
coeff17,coeff5,0.308239567672441,946
coeff39,coeff15,0.308385771604467,10000
coeff35,coeff13,0.308452114379912,410
coeff15,coeff26,0.30851567775277,422
coeff33,coeff9,0.308712827541044,10000
coeff20,coeff9,0.309151393889342,10000
coeff34,coeff8,0.309235440187491,255
coeff19,coeff13,0.309301551340368,363
coeff22,coeff9,0.310306317858296,10000
coeff22,coeff8,0.31312914370445,560
coeff16,coeff9,0.313808978662336,10000
coeff23,coeff15,0.314143221670374,10000
coeff28,coeff9,0.31428416228829,10000
coeff21,coeff8,0.315451114336966,1195
coeff19,coeff9,0.316769037964411,10000
coeff30,coeff15,0.31711574042294,10000
coeff23,coeff8,0.317599665513187,502
coeff26,coeff8,0.318113558374651,1101
coeff22,coeff5,0.31852087523543,971
coeff26,coeff25,0.318746087222344,583
coeff14,coeff9,0.319947500807394,10000
coeff4,coeff15,0.321059523946891,10000
coeff34,coeff9,0.321855509199634,10000
coeff1,coeff9,0.322179873076744,510
coeff35,coeff9,0.322233145729228,10000
coeff40,coeff9,0.323120937222854,10000
coeff2,coeff12,0.323660491521284,241
coeff6,coeff9,0.323749650215004,10000
coeff35,coeff15,0.326489132613769,10000
coeff36,coeff9,0.326616575121061,10000
coeff8,coeff7,0.326899750728897,228
coeff3,coeff7,0.326960229522127,233
coeff1,coeff7,0.327005848349486,232
coeff16,coeff7,0.327135943829704,240
coeff5,coeff7,0.32722490281713,256
coeff17,coeff7,0.327270709209985,255
coeff15,coeff7,0.327303640221058,257
coeff2,coeff7,0.327402256067625,265
coeff31,coeff15,0.327547480242412,10000
coeff7,coeff9,0.32890276270782,10000
coeff8,coeff9,0.330388661080731,10000
coeff41,coeff15,0.331702634977761,10000
coeff6,coeff15,0.331825255323049,10000
coeff13,coeff9,0.332880800457908,10000
coeff6,coeff8,0.333105516432358,495
coeff36,coeff8,0.333698173764427,493
coeff11,coeff9,0.334117325702959,10000
coeff3,coeff13,0.334731154172712,502
coeff30,coeff9,0.335160764898068,10000
coeff16,coeff21,0.336144441846172,368
coeff38,coeff9,0.336521775617995,10000
coeff8,coeff5,0.337095415184975,765
coeff1,coeff25,0.337888309665031,560
coeff4,coeff9,0.338870778489131,10000
coeff27,coeff9,0.339349968989273,10000
coeff37,coeff8,0.340599337418656,229
coeff28,coeff15,0.343278235557569,10000
coeff15,coeff25,0.3435350210695,536
coeff23,coeff12,0.343991854824125,275
coeff40,coeff8,0.34408601573496,262
coeff32,coeff8,0.34412705641565,242
coeff9,coeff37,0.344479656510713,1802
coeff14,coeff17,0.346456623235515,281
coeff20,coeff8,0.3472244165335,278
coeff25,coeff9,0.34839988932703,10000
coeff9,coeff13,0.350522749569087,310
coeff17,coeff15,0.351171859979378,10000
coeff41,coeff9,0.352588863443066,10000
coeff37,coeff25,0.352721089740001,506
coeff3,coeff22,0.353260421057254,355
coeff5,coeff9,0.353442705657423,10000
coeff15,coeff5,0.355961629119394,1028
coeff41,coeff8,0.356092332341652,260
coeff2,coeff8,0.356193163831292,570
coeff3,coeff5,0.356205492483037,1043
coeff33,coeff19,0.3567693305704,274
coeff17,coeff9,0.357530226085457,10000
coeff13,coeff5,0.358507988101914,895
coeff9,coeff16,0.361266670249839,831
coeff15,coeff21,0.362679520694134,398
coeff11,coeff13,0.363228243330723,349
coeff38,coeff13,0.365598394412769,441
coeff11,coeff22,0.366678691888063,312
coeff40,coeff26,0.367233006222389,388
coeff6,coeff17,0.367987742464448,279
coeff3,coeff9,0.368566049934309,10000
coeff28,coeff19,0.368762302581256,267
coeff12,coeff21,0.369359594472593,311
coeff2,coeff16,0.369635666261064,268
coeff29,coeff26,0.370964359321476,316
coeff14,coeff16,0.371412237665316,246
coeff5,coeff17,0.371549077848925,291
coeff7,coeff17,0.371619009434948,281
coeff12,coeff28,0.371622217463284,338
coeff5,coeff15,0.371750489540682,10000
coeff6,coeff21,0.371770203067396,275
coeff37,coeff16,0.371803466893797,259
coeff22,coeff28,0.371894160396535,320
coeff7,coeff28,0.371908632190942,272
coeff7,coeff16,0.371912602080467,261
coeff29,coeff12,0.371965807719329,259
coeff37,coeff18,0.371982360455847,291
coeff4,coeff28,0.371982698935185,285
coeff31,coeff16,0.371986579915789,272
coeff33,coeff12,0.372013175313235,248
coeff33,coeff18,0.372028053099062,288
coeff11,coeff28,0.372045616486157,328
coeff29,coeff18,0.372053028646598,401
coeff27,coeff17,0.372057360255651,303
coeff6,coeff18,0.372143794445587,382
coeff21,coeff26,0.372190249881422,415
coeff39,coeff18,0.372209926195653,347
coeff37,coeff28,0.372211231456911,312
coeff14,coeff28,0.372250456489091,311
coeff12,coeff18,0.372271118561198,350
coeff23,coeff18,0.372277898647471,444
coeff26,coeff18,0.372301650539773,378
coeff9,coeff26,0.372306989926981,462
coeff36,coeff18,0.372309386358881,373
coeff20,coeff28,0.372329355895329,323
coeff13,coeff26,0.372331291848857,338
coeff23,coeff26,0.372340667040089,356
coeff21,coeff18,0.3723450213217,354
coeff23,coeff28,0.372356047414801,340
coeff41,coeff28,0.372363500409711,332
coeff40,coeff18,0.372380864379069,372
coeff39,coeff26,0.372387666807154,381
coeff35,coeff28,0.372388050365411,336
coeff26,coeff28,0.372406236789504,374
coeff9,coeff18,0.372409738638459,343
coeff36,coeff28,0.3724867351925,376
coeff22,coeff18,0.372501138946782,445
coeff39,coeff28,0.372505110290601,370
coeff24,coeff28,0.372506791052004,368
coeff31,coeff28,0.372508225315283,386
coeff21,coeff28,0.372523625426972,403
coeff24,coeff26,0.372551202321904,404
coeff27,coeff16,0.37257350533,426
coeff40,coeff28,0.372574138058093,400
coeff14,coeff26,0.372620480448792,432
coeff11,coeff26,0.372624433089334,429
coeff6,coeff26,0.372627206195316,588
coeff30,coeff28,0.372629244920883,412
coeff32,coeff26,0.3726590341091,452
coeff22,coeff26,0.372676945133293,424
coeff12,coeff26,0.372748541202901,456
coeff24,coeff18,0.372757532811241,472
coeff7,coeff18,0.372767713520378,376
coeff32,coeff28,0.372897216353388,398
coeff30,coeff18,0.37290025682098,474
coeff20,coeff16,0.372900494294852,472
coeff31,coeff18,0.37290860692998,450
coeff4,coeff18,0.372914943769049,392
coeff13,coeff18,0.37305187134556,388
coeff32,coeff18,0.373081169620629,460
coeff11,coeff18,0.373081558402669,470
coeff14,coeff18,0.373092665553573,454
coeff41,coeff18,0.373109858665922,422
coeff38,coeff28,0.373225730682379,401
coeff38,coeff18,0.373312222870277,485
coeff20,coeff18,0.373356905506895,467
coeff35,coeff18,0.373544193610642,496
coeff29,coeff28,0.373588352024826,415
coeff13,coeff21,0.373623787265637,566
coeff19,coeff16,0.373624807009801,979
coeff4,coeff26,0.373670185020375,662
coeff13,coeff28,0.373744687412479,561
coeff31,coeff25,0.375971140359901,580
coeff2,coeff37,0.3770862509327,762
coeff30,coeff16,0.377181754844973,970
coeff33,coeff28,0.378064652085243,376
coeff41,coeff16,0.37831521378352,1152
coeff27,coeff1,0.378637655997343,770
coeff17,coeff8,0.379568979096455,595
coeff38,coeff15,0.380094452852735,10000
coeff26,coeff19,0.381097442650588,277
coeff25,coeff28,0.381575550086642,357
coeff16,coeff12,0.381702791457911,240
coeff16,coeff32,0.382379663981277,509
coeff19,coeff25,0.382737188308487,642
coeff21,coeff16,0.382745888788068,710
coeff22,coeff21,0.384659101683154,362
coeff13,coeff15,0.384773838572418,10000
coeff19,coeff26,0.386449620713511,380
coeff36,coeff26,0.387367924309548,453
coeff34,coeff16,0.392264815240497,732
coeff38,coeff8,0.39410872325626,620
coeff11,coeff15,0.394823438960427,8599
coeff8,coeff16,0.394989804323985,633
coeff7,coeff5,0.396237634311157,959
coeff37,coeff26,0.396513970192935,386
coeff4,coeff16,0.396971121001691,600
coeff36,coeff21,0.397524871032988,404
coeff3,coeff17,0.398592718336331,312
coeff5,coeff16,0.398724929541151,912
coeff4,coeff25,0.398831241596771,531
coeff18,coeff21,0.39902341489629,483
coeff28,coeff26,0.40302429171039,372
coeff26,coeff21,0.403918129852274,407
coeff3,coeff16,0.404614508214612,686
coeff3,coeff15,0.405013035751855,342
coeff7,coeff15,0.405667498035773,2691
coeff39,coeff16,0.4064166517451,553
coeff10,coeff41,0.406697942060707,2468
coeff17,coeff26,0.406818200014687,424
coeff32,coeff16,0.407889114092164,579
coeff25,coeff21,0.407983042848986,360
coeff15,coeff28,0.407993480413062,415
coeff6,coeff16,0.408128595242849,653
coeff2,coeff18,0.409747066183619,273
coeff20,coeff30,0.410096145420917,381
coeff2,coeff6,0.411566127622478,658
coeff13,coeff16,0.411815923987165,788
coeff1,coeff6,0.411913175462894,594
coeff23,coeff30,0.413219528245298,412
coeff3,coeff32,0.413238372573969,555
coeff27,coeff15,0.413307594515149,420
coeff14,coeff21,0.413389858546205,335
coeff16,coeff6,0.414076589524999,566
coeff29,coeff16,0.41420775259852,513
coeff23,coeff6,0.414757166796031,695
coeff35,coeff16,0.41477325124267,633
coeff11,coeff21,0.415506929628679,352
coeff20,coeff6,0.415829158175724,683
coeff19,coeff6,0.416084196640883,620
coeff8,coeff26,0.416280702473404,342
coeff41,coeff12,0.417127108146476,273
coeff37,coeff21,0.417399554202284,347
coeff8,coeff6,0.417712928324208,544
coeff37,coeff12,0.417723667152568,263
coeff36,coeff6,0.417932590371052,666
coeff7,coeff21,0.418144932169358,306
coeff4,coeff21,0.418241683966931,314
coeff25,coeff6,0.418650061954162,601
coeff31,coeff21,0.418692925066475,352
coeff39,coeff21,0.418801926341847,385
coeff3,coeff28,0.418846609468294,305
coeff34,coeff6,0.418974714908189,584
coeff17,coeff6,0.41955032493689,669
coeff19,coeff21,0.419698616577231,354
coeff16,coeff18,0.419769201227169,293
coeff16,coeff30,0.420063624430741,387
coeff40,coeff21,0.420064944019203,431
coeff26,coeff16,0.420192967015987,548
coeff8,coeff28,0.420325040618998,309
coeff30,coeff6,0.420493383054277,682
coeff40,coeff6,0.420988770904302,712
coeff40,coeff12,0.421019479973367,313
coeff24,coeff21,0.421229334874559,378
coeff33,coeff6,0.421245907809752,589
coeff24,coeff6,0.421464660045808,681
coeff27,coeff6,0.421472396477775,726
coeff9,coeff6,0.421989538568856,550
coeff29,coeff21,0.42226890017721,349
coeff31,coeff26,0.422279994066779,386
coeff23,coeff21,0.422539663012635,371
coeff19,coeff12,0.422719831719213,283
coeff15,coeff6,0.422733484956981,712
coeff33,coeff21,0.422919881125227,368
coeff10,coeff6,0.423169469635327,725
coeff39,coeff6,0.423566652492209,645
coeff8,coeff21,0.423618206528826,312
coeff3,coeff21,0.423627085031126,308
coeff5,coeff21,0.423633940899673,329
coeff17,coeff21,0.423661349833737,409
coeff3,coeff26,0.423685577194346,332
coeff3,coeff18,0.423696998812708,223
coeff8,coeff18,0.423698475563903,235
coeff5,coeff26,0.423699889101423,359
coeff34,coeff21,0.42370030845189,335
coeff5,coeff18,0.423700968213362,241
coeff27,coeff21,0.423703835338826,315
coeff5,coeff28,0.423707596446964,332
coeff28,coeff21,0.423708476612772,352
coeff35,coeff21,0.423710437700835,336
coeff41,coeff21,0.423710685375593,325
coeff1,coeff26,0.423714176267752,492
coeff20,coeff21,0.423717023846217,334
coeff30,coeff21,0.423719318098333,392
coeff38,coeff21,0.423723119023068,357
coeff32,coeff21,0.423724831993489,368
coeff17,coeff18,0.423733549660501,286
coeff27,coeff18,0.423734443716818,227
coeff1,coeff18,0.42374010207617,323
coeff27,coeff26,0.423740488184843,340
coeff34,coeff26,0.423741045950149,356
coeff41,coeff26,0.42374176781215,337
coeff25,coeff26,0.423745641830077,412
coeff35,coeff26,0.423745949844926,357
coeff7,coeff26,0.423746871863385,339
coeff19,coeff18,0.423747123496691,268
coeff15,coeff18,0.423748500498417,325
coeff19,coeff28,0.423749605794516,358
coeff38,coeff26,0.423750588224189,371
coeff34,coeff18,0.42375073174714,245
coeff25,coeff18,0.423751758753641,268
coeff28,coeff18,0.423751838296542,247
coeff30,coeff26,0.423752609028762,416
coeff27,coeff28,0.42375667817098,326
coeff20,coeff26,0.423757201417225,363
coeff34,coeff28,0.42375863852747,358
coeff3,coeff19,0.423914487381712,245
coeff5,coeff6,0.42468354593369,814
coeff25,coeff16,0.425031874137878,664
coeff31,coeff6,0.425048288791489,711
coeff28,coeff6,0.425138573178229,607
coeff38,coeff6,0.42516758062463,640
coeff41,coeff6,0.425396290168633,773
coeff35,coeff6,0.425481750851772,655
coeff31,coeff19,0.426128424636476,292
coeff32,coeff6,0.426972950319082,643
coeff29,coeff6,0.427075155454847,623
coeff37,coeff6,0.428263165752528,570
coeff33,coeff16,0.428344912345756,519
coeff18,coeff16,0.428492949603383,359
coeff18,coeff6,0.428734292801176,635
coeff11,coeff6,0.428745871033573,656
coeff12,coeff6,0.429235826237146,568
coeff41,coeff19,0.429884205405099,288
coeff24,coeff19,0.429985242307541,301
coeff11,coeff16,0.430080515097595,474
coeff12,coeff41,0.430131051509456,1671
coeff14,coeff6,0.430214563338784,523
coeff13,coeff12,0.430250710805196,249
coeff3,coeff6,0.430627344553284,927
coeff28,coeff16,0.43106539537389,593
coeff1,coeff28,0.431237457362136,429
coeff16,coeff19,0.431399695092652,261
coeff27,coeff30,0.431588629976485,831
coeff17,coeff28,0.431825019105888,411
coeff22,coeff6,0.432421860492341,588
coeff26,coeff6,0.432452662270536,585
coeff29,coeff19,0.432722182417191,296
coeff20,coeff12,0.433018646715251,311
coeff4,coeff6,0.433113261473242,602
coeff24,coeff12,0.43343579049664,302
coeff21,coeff6,0.433788008244257,625
coeff14,coeff19,0.433878725912795,263
coeff30,coeff33,0.433999469656939,509
coeff37,coeff19,0.435043476772229,269
coeff41,coeff30,0.435062817087543,378
coeff18,coeff12,0.435146368487393,297
coeff38,coeff16,0.435616995179575,653
coeff4,coeff17,0.435645096232061,513
coeff9,coeff24,0.435854644952676,297
coeff1,coeff21,0.435885321543348,972
coeff39,coeff12,0.436335893439419,300
coeff8,coeff32,0.436906932660263,509
coeff27,coeff19,0.436979734896773,296
coeff34,coeff38,0.437135478988387,405
coeff10,coeff38,0.437468512395976,530
coeff30,coeff12,0.438062914956739,310
coeff6,coeff10,0.438302624864475,629
coeff4,coeff30,0.438468687097647,316
coeff8,coeff12,0.438588377909908,246
coeff23,coeff10,0.438791063201903,757
coeff28,coeff12,0.438823667588159,275
coeff40,coeff19,0.438865042986611,333
coeff40,coeff16,0.438871448787233,680
coeff35,coeff19,0.439031984254604,287
coeff7,coeff6,0.439259889974246,1053
coeff2,coeff27,0.43943643816861,213
coeff20,coeff10,0.439468308411838,711
coeff36,coeff30,0.439560854482104,352
coeff34,coeff12,0.439659055208868,285
coeff20,coeff32,0.439955216503899,544
coeff4,coeff10,0.43996397346282,625
coeff41,coeff10,0.440033818016473,655
coeff24,coeff16,0.44003430242649,462
coeff4,coeff32,0.440056438684171,476
coeff35,coeff25,0.440201307580035,542
coeff6,coeff27,0.440211295298549,235
coeff9,coeff38,0.440349272083967,503
coeff13,coeff10,0.440460346854664,598
coeff15,coeff12,0.44059734248135,299
coeff34,coeff19,0.440608770871861,292
coeff8,coeff19,0.440707249392524,257
coeff34,coeff10,0.440892291192548,645
coeff25,coeff30,0.440909321205961,332
coeff16,coeff38,0.440998579593975,506
coeff31,coeff12,0.441131423332001,295
coeff12,coeff24,0.441136763758245,319
coeff32,coeff19,0.441175993345158,316
coeff4,coeff24,0.441177243801714,274
coeff35,coeff10,0.441188787698949,677
coeff7,coeff24,0.441221663564025,272
coeff2,coeff20,0.441238941382265,395
coeff27,coeff10,0.4412696597507,726
coeff3,coeff33,0.441274727413653,543
coeff10,coeff27,0.441327518426278,416
coeff15,coeff19,0.441633122889409,310
coeff9,coeff27,0.441705806115126,398
coeff30,coeff19,0.441754951376677,334
coeff41,coeff24,0.441902125260056,331
coeff14,coeff24,0.441916438979663,318
coeff37,coeff24,0.441924792064956,332
coeff25,coeff24,0.441935722907854,314
coeff3,coeff10,0.441938887090673,658
coeff16,coeff24,0.441943371801845,326
coeff35,coeff24,0.441965246581357,340
coeff13,coeff19,0.442006542755586,323
coeff18,coeff19,0.442018105334418,331
coeff11,coeff24,0.442043893140332,329
coeff38,coeff19,0.442055349619447,330
coeff4,coeff27,0.442106753890659,364
coeff20,coeff24,0.44213332690833,326
coeff10,coeff29,0.44213940451194,339
coeff22,coeff24,0.442152128070454,343
coeff34,coeff24,0.442161450936046,484
coeff30,coeff38,0.442207409823277,462
coeff15,coeff24,0.442298416754703,365
coeff23,coeff24,0.442308927239096,347
coeff32,coeff24,0.442311287112822,354
coeff11,coeff32,0.44234958335894,510
coeff39,coeff24,0.442377280672363,349
coeff10,coeff24,0.442463376346576,373
coeff36,coeff24,0.442466021239594,347
coeff21,coeff33,0.442488717006125,546
coeff18,coeff24,0.442519642762471,389
coeff5,coeff19,0.44252343711682,325
coeff21,coeff24,0.442573807587814,383
coeff23,coeff27,0.442591476424127,435
coeff33,coeff24,0.442595266419517,517
coeff34,coeff33,0.442631875718159,465
coeff33,coeff31,0.442691158790945,565
coeff12,coeff27,0.442736019570956,421
coeff6,coeff29,0.442759505905696,557
coeff11,coeff27,0.442790143179229,394
coeff38,coeff10,0.442791894966994,192
coeff40,coeff24,0.442795693468735,388
coeff7,coeff25,0.442887966578156,503
coeff29,coeff33,0.44290180999702,525
coeff22,coeff32,0.442970182048551,486
coeff28,coeff38,0.442992110515299,428
coeff2,coeff31,0.442992846301294,436
coeff23,coeff33,0.443012193491838,664
coeff24,coeff33,0.443075984958281,559
coeff38,coeff24,0.443114017557834,520
coeff7,coeff12,0.443115764034429,259
coeff10,coeff31,0.443118872889445,417
coeff5,coeff10,0.44314333233672,736
coeff4,coeff33,0.443183351640211,489
coeff7,coeff32,0.443197387824448,454
coeff37,coeff31,0.443227611176032,568
coeff3,coeff24,0.443236950106235,303
coeff21,coeff19,0.44327002070179,346
coeff1,coeff19,0.44327261848733,589
coeff20,coeff27,0.443276008515888,411
coeff31,coeff33,0.443293058503158,521
coeff31,coeff38,0.443325478267107,484
coeff29,coeff38,0.443335897418525,466
coeff31,coeff10,0.443346195638395,200
coeff37,coeff36,0.443356925992873,440
coeff33,coeff36,0.44338393981685,444
coeff37,coeff38,0.443394306134714,443
coeff33,coeff32,0.443433873732098,506
coeff8,coeff25,0.443437083638622,472
coeff29,coeff10,0.443444651036384,208
coeff16,coeff36,0.443451646410415,453
coeff36,coeff33,0.443493896045118,556
coeff18,coeff30,0.443500747557475,461
coeff23,coeff31,0.443508562372238,514
coeff29,coeff32,0.443536887403708,560
coeff28,coeff33,0.443549410051505,489
coeff31,coeff24,0.443567546301028,545
coeff2,coeff36,0.443585161500893,490
coeff36,coeff27,0.443593897364189,413
coeff7,coeff10,0.443605045798756,177
coeff34,coeff36,0.443621107631367,544
coeff25,coeff27,0.443627224359293,378
coeff27,coeff24,0.443636549847061,537
coeff21,coeff38,0.443639837443825,509
coeff30,coeff24,0.443649412836271,570
coeff18,coeff33,0.443672083404187,550
coeff7,coeff33,0.443686230823637,487
coeff22,coeff27,0.44368802354781,376
coeff20,coeff33,0.443690395582041,574
coeff41,coeff36,0.443695393700411,526
coeff16,coeff33,0.443700562959144,496
coeff9,coeff29,0.443705069048381,611
coeff23,coeff29,0.443726029425313,409
coeff29,coeff36,0.443727856649029,497
coeff23,coeff36,0.443729686905118,542
coeff39,coeff38,0.443746383701974,500
coeff7,coeff27,0.443755752782962,354
coeff18,coeff38,0.443757311317662,507
coeff25,coeff33,0.443759869031163,515
coeff37,coeff32,0.44376376792377,513
coeff33,coeff35,0.443774049183996,521
coeff37,coeff35,0.443788164128202,527
coeff16,coeff35,0.443793157424525,565
coeff29,coeff31,0.443798636008025,625
coeff24,coeff32,0.443804964426003,574
coeff14,coeff32,0.443833987521985,516
coeff17,coeff19,0.443836926713776,354
coeff37,coeff33,0.443842663065179,522
coeff28,coeff35,0.443861177778006,577
coeff25,coeff32,0.443869126398413,539
coeff39,coeff36,0.443900187423549,532
coeff41,coeff33,0.443927907498981,546
coeff29,coeff35,0.443930900864105,545
coeff15,coeff36,0.443952587154858,603
coeff34,coeff35,0.443954894374991,566
coeff28,coeff36,0.443966357591783,554
coeff30,coeff36,0.443971502797122,591
coeff32,coeff38,0.443973992620379,538
coeff14,coeff33,0.443980625261638,544
coeff26,coeff38,0.443983062874306,586
coeff41,coeff31,0.444011704380493,635
coeff22,coeff33,0.444013148775231,553
coeff13,coeff32,0.444027083586631,568
coeff41,coeff32,0.444041502343919,569
coeff2,coeff35,0.444052305532258,552
coeff24,coeff27,0.444066087220687,417
coeff20,coeff36,0.444079498567565,597
coeff6,coeff20,0.444082798002547,445
coeff24,coeff36,0.444091832693663,580
coeff32,coeff33,0.444092852631943,571
coeff35,coeff32,0.444110219089845,570
coeff21,coeff36,0.444113910475327,653
coeff35,coeff33,0.444133469053217,593
coeff39,coeff35,0.444140808440694,659
coeff10,coeff39,0.44417068069598,596
coeff13,coeff29,0.444188344863461,493
coeff35,coeff12,0.4442086260087,287
coeff28,coeff32,0.444224033572565,596
coeff21,coeff35,0.444244332353196,702
coeff39,coeff33,0.444246610151324,608
coeff19,coeff33,0.444286454950482,620
coeff26,coeff32,0.444304786607783,619
coeff19,coeff32,0.444311927546805,619
coeff30,coeff35,0.444312292869943,703
coeff26,coeff33,0.4443183190088,648
coeff3,coeff27,0.444335747741474,369
coeff14,coeff36,0.444339184779974,757
coeff23,coeff35,0.444344322061654,633
coeff15,coeff33,0.444349451619279,707
coeff40,coeff33,0.444353510234687,665
coeff34,coeff32,0.44435470200333,641
coeff34,coeff27,0.444360621642535,403
coeff36,coeff32,0.444376899504537,650
coeff16,coeff27,0.444382007056575,221
coeff12,coeff39,0.444383795736664,744
coeff2,coeff29,0.444388273312694,362
coeff12,coeff35,0.444392526524608,665
coeff18,coeff32,0.444404241933163,650
coeff39,coeff32,0.444415004131696,650
coeff15,coeff32,0.444422854098192,678
coeff31,coeff32,0.444436282630214,666
coeff30,coeff32,0.444441073478525,657
coeff39,coeff31,0.444442478354341,679
coeff41,coeff27,0.444483137136313,432
coeff38,coeff32,0.444509078858727,718
coeff17,coeff1,0.444515640250381,776
coeff14,coeff27,0.444552868543621,388
coeff35,coeff27,0.444606402777738,415
coeff21,coeff32,0.44460738707108,739
coeff31,coeff35,0.444630213442257,707
coeff40,coeff32,0.444634101733627,730
coeff19,coeff35,0.444656232101486,656
coeff20,coeff31,0.444671273818898,703
coeff39,coeff27,0.444675410819319,434
coeff9,coeff39,0.444685746166673,832
coeff30,coeff10,0.444690601085116,212
coeff17,coeff12,0.44473294161836,289
coeff10,coeff8,0.444746316694486,227
coeff1,coeff8,0.444746316694486,204
coeff13,coeff24,0.444753980900413,526
coeff34,coeff31,0.444755108710101,636
coeff19,coeff31,0.444759718397543,676
coeff28,coeff27,0.444786589402826,410
coeff21,coeff29,0.44481913524431,615
coeff25,coeff12,0.444866972533304,297
coeff22,coeff36,0.444869805676088,843
coeff24,coeff31,0.444875157189829,691
coeff8,coeff27,0.444907599966012,362
coeff37,coeff27,0.444919341587891,413
coeff40,coeff35,0.444920285417038,1071
coeff40,coeff27,0.444936321869377,483
coeff24,coeff38,0.444955877752203,531
coeff28,coeff31,0.444961701478655,635
coeff28,coeff10,0.444966726202712,189
coeff26,coeff24,0.445024528991846,578
coeff11,coeff30,0.445060965349141,354
coeff26,coeff36,0.445071454226766,825
coeff37,coeff39,0.445075271804319,837
coeff30,coeff39,0.445082953619477,902
coeff13,coeff1,0.44508702304694,578
coeff26,coeff27,0.445088034872195,440
coeff34,coeff39,0.445090372060322,801
coeff22,coeff30,0.445138036915342,354
coeff19,coeff10,0.445160810846255,209
coeff31,coeff36,0.445168655910359,849
coeff15,coeff31,0.445192890890516,683
coeff32,coeff27,0.445198282589034,460
coeff13,coeff31,0.445204793265612,629
coeff33,coeff39,0.445214459294298,894
coeff30,coeff31,0.445230975060596,726
coeff40,coeff31,0.445238047084247,789
coeff18,coeff31,0.445270670614487,736
coeff14,coeff35,0.445321505938438,842
coeff9,coeff31,0.445330497630513,779
coeff15,coeff35,0.445330743717624,967
coeff13,coeff25,0.445335235711533,528
coeff13,coeff35,0.445367794077988,831
coeff13,coeff36,0.44537724099024,521
coeff29,coeff39,0.445382193458324,921
coeff11,coeff31,0.445446715796528,746
coeff10,coeff23,0.445502993803276,444
coeff8,coeff29,0.445525761181022,280
coeff3,coeff30,0.445539717648973,366
coeff4,coeff20,0.445543905142005,489
coeff18,coeff35,0.445567566648359,827
coeff29,coeff27,0.445571973752119,492
coeff6,coeff31,0.445574194233072,767
coeff21,coeff39,0.445586334421245,977
coeff15,coeff27,0.445591273323017,472
coeff22,coeff38,0.445640082243569,766
coeff18,coeff27,0.445641155933403,497
coeff14,coeff12,0.445649305202544,285
coeff23,coeff39,0.445650615768232,764
coeff38,coeff27,0.445685013327521,503
coeff2,coeff23,0.445691164469283,408
coeff31,coeff39,0.445750224828712,932
coeff27,coeff12,0.445771417266749,304
coeff41,coeff35,0.445790616795267,700
coeff24,coeff39,0.445811226007202,1011
coeff21,coeff31,0.445828103596636,801
coeff8,coeff24,0.445829949892874,289
coeff32,coeff35,0.445841555610225,958
coeff16,coeff23,0.44585351749022,392
coeff33,coeff23,0.445864954231639,407
coeff37,coeff23,0.445884576693135,402
coeff28,coeff39,0.445899124752766,875
coeff30,coeff27,0.44590359916057,550
coeff29,coeff23,0.445917474046751,422
coeff22,coeff12,0.445923080443941,284
coeff14,coeff38,0.445927201009445,506
coeff19,coeff23,0.445935652360491,425
coeff7,coeff29,0.445948247908851,299
coeff31,coeff27,0.445961261366727,541
coeff35,coeff31,0.445962716607616,755
coeff8,coeff23,0.445970537550322,375
coeff18,coeff39,0.445976509140706,996
coeff24,coeff35,0.445980871492171,1014
coeff31,coeff23,0.445982791102543,428
coeff7,coeff20,0.445984400112992,484
coeff12,coeff23,0.445987402453882,464
coeff41,coeff23,0.44603694521581,451
coeff15,coeff23,0.446041824690437,421
coeff14,coeff23,0.446049701654891,415
coeff39,coeff23,0.446070678358425,445
coeff20,coeff23,0.446080169585578,479
coeff13,coeff23,0.446083083432119,410
coeff34,coeff23,0.446087132270938,431
coeff16,coeff29,0.446093129172287,311
coeff7,coeff23,0.446093999454986,408
coeff5,coeff29,0.446125801165176,317
coeff24,coeff23,0.446137956057119,453
coeff5,coeff27,0.446145697489648,504
coeff28,coeff23,0.446159416064612,435
coeff27,coeff23,0.446176363550895,446
coeff14,coeff29,0.446206123435767,316
coeff36,coeff39,0.446222439923572,1101
coeff9,coeff20,0.446242816826041,562
coeff15,coeff30,0.44624295123187,438
coeff21,coeff27,0.446246246423896,577
coeff40,coeff23,0.446263835577537,495
coeff6,coeff23,0.446268396269677,479
coeff11,coeff23,0.446270999078096,467
coeff30,coeff23,0.44627177018087,485
coeff26,coeff23,0.446273254419132,451
coeff37,coeff29,0.446295365206622,323
coeff5,coeff24,0.446297762308427,319
coeff32,coeff23,0.446302215349127,458
coeff8,coeff31,0.446309493384006,324
coeff40,coeff38,0.446317191444522,684
coeff36,coeff31,0.446319113255325,852
coeff35,coeff23,0.446335793708869,458
coeff35,coeff29,0.446336817010049,326
coeff26,coeff31,0.446344130444224,813
coeff28,coeff29,0.446352867613292,327
coeff26,coeff35,0.446354425304922,989
coeff34,coeff29,0.446365185081973,329
coeff21,coeff23,0.446371540620455,482
coeff19,coeff27,0.446374733532101,562
coeff22,coeff29,0.446384185382089,329
coeff13,coeff27,0.446385874202263,516
coeff25,coeff23,0.446385933046436,456
coeff33,coeff27,0.446388667321428,547
coeff25,coeff29,0.446401206222031,332
coeff36,coeff23,0.446405263118287,496
coeff3,coeff29,0.4464053487239,654
coeff17,coeff24,0.446428533894278,328
coeff22,coeff23,0.446430780295507,461
coeff1,coeff29,0.446446835438387,339
coeff33,coeff29,0.446447484625994,335
coeff15,coeff29,0.446460074914002,337
coeff33,coeff38,0.44646508983892,554
coeff41,coeff29,0.446472800071705,337
coeff38,coeff33,0.446473504512616,1055
coeff38,coeff23,0.446528003131245,482
coeff26,coeff29,0.446530165125684,340
coeff18,coeff23,0.446534851389674,497
coeff32,coeff10,0.446586455493004,208
coeff27,coeff29,0.446591705610229,348
coeff31,coeff29,0.446612905494675,348
coeff4,coeff23,0.446625737136574,479
coeff11,coeff29,0.446632439732401,349
coeff32,coeff29,0.4466474567024,351
coeff36,coeff38,0.446653106009296,637
coeff19,coeff29,0.446657168854646,353
coeff9,coeff23,0.446657236556672,535
coeff17,coeff33,0.446662916101824,1050
coeff39,coeff29,0.446728799806683,358
coeff30,coeff29,0.446733411412225,359
coeff40,coeff39,0.446736330524861,1232
coeff22,coeff31,0.446801895880488,807
coeff13,coeff30,0.446812077261192,286
coeff25,coeff31,0.446828443928663,798
coeff16,coeff31,0.446837293799166,367
coeff3,coeff23,0.446841665192075,462
coeff17,coeff23,0.446850246430376,489
coeff20,coeff29,0.44687145551864,373
coeff24,coeff29,0.446873175444131,372
coeff5,coeff23,0.44687826155244,478
coeff1,coeff23,0.446881622690139,510
coeff5,coeff33,0.446910512924068,576
coeff40,coeff29,0.447018596763863,387
coeff25,coeff38,0.447027078283194,698
coeff36,coeff12,0.447075279240368,326
coeff32,coeff31,0.447158266447836,854
coeff26,coeff30,0.447161432770464,397
coeff36,coeff29,0.447237615377674,705
coeff8,coeff36,0.447245330388221,415
coeff8,coeff39,0.447369825882327,872
coeff6,coeff35,0.447418522142297,670
coeff8,coeff33,0.447495480580666,504
coeff8,coeff35,0.44752030674886,463
coeff32,coeff36,0.447545525739418,940
coeff38,coeff31,0.447546145026796,925
coeff28,coeff24,0.447591120122762,563
coeff40,coeff30,0.447618827028269,428
coeff5,coeff12,0.447622461206051,397
coeff27,coeff32,0.447627146919115,835
coeff14,coeff39,0.447718175475824,1012
coeff16,coeff39,0.447777920938111,507
coeff32,coeff39,0.447842667090045,1098
coeff19,coeff36,0.447895382379443,586
coeff12,coeff10,0.448031986418676,238
coeff35,coeff38,0.448058231246248,768
coeff15,coeff38,0.448104389928847,582
coeff2,coeff39,0.448145013743046,592
coeff17,coeff27,0.448191035238528,644
coeff17,coeff32,0.448307771824893,655
coeff27,coeff33,0.448458529028853,1173
coeff1,coeff32,0.448482137954235,724
coeff1,coeff31,0.448484188192361,923
coeff40,coeff36,0.448505249197287,742
coeff5,coeff35,0.448535767752131,962
coeff2,coeff38,0.448686387373525,598
coeff19,coeff38,0.448748655434269,610
coeff5,coeff32,0.448752662011994,665
coeff10,coeff40,0.448768757268878,789
coeff5,coeff1,0.44877782625809,657
coeff4,coeff35,0.448812574067173,1040
coeff8,coeff30,0.448856989067034,348
coeff4,coeff29,0.449004851053864,746
coeff18,coeff36,0.449006820187571,591
coeff7,coeff31,0.449010893205993,817
coeff6,coeff36,0.449184498934714,626
coeff39,coeff30,0.449214227931922,376
coeff29,coeff30,0.449222588449959,331
coeff2,coeff10,0.449261013902545,225
coeff17,coeff31,0.449268321017648,924
coeff19,coeff39,0.449296184293379,1163
coeff20,coeff35,0.449325653202114,783
coeff13,coeff6,0.449396367560964,622
coeff1,coeff38,0.449461034194815,651
coeff41,coeff38,0.449469575525867,506
coeff27,coeff31,0.44953108799635,942
coeff37,coeff10,0.449609067425746,204
coeff33,coeff10,0.449619854727405,212
coeff24,coeff30,0.449621481761478,344
coeff35,coeff30,0.449673305897347,334
coeff9,coeff35,0.449708077928151,788
coeff7,coeff30,0.44972150239139,308
coeff34,coeff30,0.449754112612688,331
coeff20,coeff37,0.449844980814041,644
coeff8,coeff38,0.449857598978964,464
coeff31,coeff30,0.449918184877885,342
coeff8,coeff10,0.450002722907902,178
coeff25,coeff10,0.450016134563083,205
coeff28,coeff30,0.450039602509371,361
coeff19,coeff30,0.450052373037498,352
coeff14,coeff30,0.450137418357109,350
coeff41,coeff39,0.450191153513135,1043
coeff20,coeff39,0.450275118205373,1093
coeff38,coeff30,0.450320993716084,373
coeff32,coeff30,0.45036382422816,376
coeff37,coeff30,0.450407411359493,391
coeff2,coeff34,0.450481804397111,417
coeff17,coeff38,0.450560506172754,1087
coeff20,coeff38,0.450581949498357,496
coeff14,coeff31,0.45062440795678,924
coeff38,coeff29,0.450665732864442,699
coeff24,coeff10,0.45069338046478,238
coeff6,coeff38,0.45083040181369,509
coeff4,coeff38,0.450841785780577,562
coeff15,coeff39,0.450903073280422,1324
coeff36,coeff16,0.450924582928055,651
coeff23,coeff38,0.450951844276284,562
coeff39,coeff10,0.451030474675402,225
coeff41,coeff37,0.451383513351265,744
coeff14,coeff10,0.45162247145173,204
coeff16,coeff37,0.451715783634802,749
coeff13,coeff11,0.45180051640923,254
coeff18,coeff29,0.451877629380151,639
coeff7,coeff11,0.451891156974978,256
coeff4,coeff11,0.451929439790386,491
coeff8,coeff11,0.451999837718557,247
coeff34,coeff11,0.452006480110796,281
coeff2,coeff11,0.452081716035825,318
coeff12,coeff11,0.45212322514939,342
coeff17,coeff16,0.452227976658972,816
coeff41,coeff11,0.452244692880236,494
coeff16,coeff11,0.452327905678306,322
coeff17,coeff30,0.452424191327033,446
coeff7,coeff35,0.452510805787455,1092
coeff12,coeff20,0.452534179562498,723
coeff4,coeff39,0.45254304728311,1099
coeff13,coeff38,0.452580042616584,839
coeff36,coeff10,0.452610253355009,241
coeff22,coeff10,0.452695034733446,214
coeff9,coeff11,0.452758713674501,480
coeff10,coeff34,0.45277387334847,618
coeff12,coeff29,0.452796897317364,798
coeff5,coeff31,0.452872742488056,920
coeff5,coeff38,0.452924145410116,534
coeff40,coeff10,0.453053703831606,252
coeff17,coeff29,0.453179562862589,706
coeff30,coeff11,0.45327459943632,488
coeff20,coeff34,0.453357333503243,1542
coeff6,coeff39,0.453451725945657,1215
coeff35,coeff36,0.453945252524749,1109
coeff20,coeff11,0.454138146826276,540
coeff23,coeff16,0.454254033539872,750
coeff7,coeff36,0.45431150404024,1061
coeff33,coeff11,0.454584299995876,461
coeff3,coeff38,0.45471076561401,517
coeff18,coeff10,0.45477576562292,267
coeff1,coeff33,0.454887242880473,730
coeff17,coeff10,0.454962587870851,209
coeff11,coeff10,0.454978630764482,1605
coeff9,coeff12,0.455028243086257,290
coeff2,coeff40,0.455123415000284,1385
coeff15,coeff11,0.455275599863343,521
coeff21,coeff10,0.455434783532441,244
coeff26,coeff39,0.455547583347165,1371
coeff37,coeff11,0.455865860954592,450
coeff24,coeff11,0.456033936113678,531
coeff6,coeff11,0.456200263949008,477
coeff15,coeff10,0.456478799455074,254
coeff4,coeff31,0.456591281600984,1032
coeff16,coeff10,0.456639901309709,225
coeff9,coeff10,0.45665311084344,264
coeff1,coeff27,0.4566984335233,803
coeff5,coeff30,0.456698720826781,397
coeff1,coeff10,0.456725054900199,238
coeff26,coeff10,0.456757632871677,239
coeff13,coeff39,0.457037757210822,1146
coeff5,coeff39,0.45704961835224,1604
coeff22,coeff16,0.457690259400114,576
coeff38,coeff35,0.457877687933243,1244
coeff2,coeff41,0.457982578180276,1964
coeff34,coeff37,0.458120208473033,913
coeff34,coeff40,0.458286084577425,1573
coeff29,coeff24,0.458444174475639,625
coeff31,coeff11,0.458574558560688,497
coeff6,coeff12,0.458911110521198,393
coeff5,coeff11,0.459037331716484,526
coeff29,coeff11,0.459096854024465,457
coeff28,coeff11,0.459259671068753,452
coeff3,coeff25,0.459303658253717,558
coeff1,coeff16,0.45952652471508,634
coeff38,coeff12,0.459530478552841,413
coeff14,coeff20,0.459575093870291,722
coeff10,coeff11,0.459685941623032,488
coeff39,coeff11,0.459766281408662,499
coeff23,coeff11,0.459921447816898,530
coeff19,coeff11,0.45993294517406,492
coeff30,coeff25,0.46007874437933,631
coeff19,coeff24,0.46028789307468,699
coeff40,coeff11,0.460543576908995,563
coeff5,coeff36,0.460696861065758,967
coeff14,coeff11,0.460728458527377,499
coeff25,coeff11,0.460753799342619,540
coeff3,coeff31,0.461181622669889,994
coeff26,coeff41,0.461525667717559,1557
coeff27,coeff11,0.461836394091841,568
coeff32,coeff11,0.461839806804845,519
coeff35,coeff11,0.462397314928177,549
coeff18,coeff11,0.462572843273617,518
coeff36,coeff35,0.462658419291992,1353
coeff41,coeff34,0.462849541535224,1613
coeff21,coeff11,0.462962063939872,502
coeff33,coeff30,0.463089250522271,858
coeff24,coeff25,0.463336073306717,664
coeff36,coeff11,0.463585051320691,552
coeff28,coeff41,0.463653303301157,1387
coeff17,coeff36,0.464520875961506,1257
coeff13,coeff33,0.464641894928742,1163
coeff38,coeff11,0.464726043463785,552
coeff25,coeff39,0.464983381213592,1440
coeff15,coeff37,0.46509482100165,2484
coeff3,coeff11,0.465158420557252,496
coeff32,coeff12,0.465687625739239,434
coeff14,coeff25,0.466095896353426,628
coeff36,coeff37,0.466575970956485,691
coeff17,coeff11,0.466622940247883,546
coeff4,coeff12,0.466746765182916,458
coeff25,coeff36,0.467169954744706,1166
coeff21,coeff30,0.46745930226611,810
coeff35,coeff39,0.467626647854866,1513
coeff38,coeff39,0.467823668952746,1549
coeff26,coeff11,0.467895523528747,536
coeff7,coeff39,0.468039477439728,1398
coeff29,coeff41,0.468181770927223,1413
coeff33,coeff25,0.468458941630337,549
coeff22,coeff11,0.468577979874926,538
coeff8,coeff34,0.468633350331497,1277
coeff21,coeff12,0.469085430305997,351
coeff12,coeff34,0.469534364139184,1999
coeff8,coeff40,0.469890103112473,1180
coeff7,coeff38,0.470114782795439,1358
coeff32,coeff25,0.470120614262231,613
coeff25,coeff35,0.470232543793237,1457
coeff38,coeff25,0.470386163378161,608
coeff37,coeff41,0.471501624811398,1626
coeff4,coeff36,0.471641495510606,1365
coeff1,coeff11,0.471785156575305,559
coeff1,coeff12,0.471833192489669,443
coeff14,coeff37,0.472203825491158,1544
coeff14,coeff34,0.472504590666479,1651
coeff20,coeff41,0.472988461389477,1878
coeff17,coeff25,0.473162433491015,873
coeff41,coeff25,0.473539407735841,695
coeff22,coeff20,0.473750218420199,716
coeff34,coeff25,0.474226542299923,615
coeff22,coeff39,0.474262318193489,1498
coeff1,coeff24,0.474334163297291,753
coeff12,coeff36,0.474435627397709,655
coeff37,coeff40,0.474658590667113,1254
coeff23,coeff20,0.474912977949021,793
coeff33,coeff34,0.475134804463107,1887
coeff6,coeff34,0.476650552570895,1492
coeff27,coeff39,0.476937184998043,1805
coeff8,coeff37,0.477743720529117,1721
coeff24,coeff34,0.477835617858121,1833
coeff21,coeff41,0.479664445531657,2255
coeff33,coeff40,0.47982286265313,1666
coeff17,coeff39,0.479853375340784,1712
coeff15,coeff34,0.480715781737623,1723
coeff26,coeff12,0.482235336286507,440
coeff9,coeff41,0.482692820310296,1186
coeff15,coeff20,0.482939676437237,840
coeff34,coeff20,0.482970182214167,740
coeff14,coeff40,0.482993796440235,1769
coeff25,coeff20,0.483036991976563,767
coeff17,coeff35,0.483475527366938,1498
coeff11,coeff12,0.48419629689809,308
coeff40,coeff41,0.485221316702385,2258
coeff3,coeff20,0.485240093459935,685
coeff6,coeff41,0.485364881385285,1670
coeff27,coeff38,0.485537340761059,1675
coeff3,coeff12,0.486504313405085,450
coeff34,coeff41,0.486628823021825,2190
coeff16,coeff20,0.486937952530884,733
coeff41,coeff20,0.488311184899248,842
coeff22,coeff35,0.489132383698683,1425
coeff15,coeff40,0.491315824501012,1836
coeff16,coeff34,0.492119360311453,1311
coeff15,coeff41,0.492262836477863,1619
coeff32,coeff41,0.493559107132821,1503
coeff7,coeff34,0.494058131000359,1407
coeff12,coeff40,0.49408924793731,2128
coeff21,coeff34,0.494407255854828,1887
coeff23,coeff34,0.49503580662644,1905
coeff41,coeff40,0.495722795787221,1607
coeff1,coeff30,0.49581383828089,1218
coeff21,coeff37,0.496168479583929,898
coeff27,coeff36,0.496214073401716,1358
coeff20,coeff40,0.496430120060582,1839
coeff16,coeff25,0.49703799309601,643
coeff29,coeff40,0.49748662879474,1501
coeff31,coeff34,0.498062346497028,1753
coeff35,coeff34,0.49808998953511,1682
coeff30,coeff40,0.498190526719707,1665
coeff36,coeff20,0.498271572969333,931
coeff10,coeff20,0.498660951487663,821
coeff19,coeff8,0.499018779495224,212
coeff39,coeff8,0.499057175951795,219
coeff33,coeff8,0.499076854915825,223
coeff12,coeff31,0.499240094204513,1205
coeff35,coeff41,0.49943346544678,1709
coeff37,coeff34,0.499866602943068,1470
coeff1,coeff35,0.500024163805982,1456
coeff35,coeff20,0.500112618994612,820
coeff22,coeff41,0.500251553727921,1627
coeff38,coeff41,0.500684006636398,1766
coeff27,coeff35,0.500807576852239,2204
coeff39,coeff40,0.501496391914484,1563
coeff5,coeff25,0.501783763582868,870
coeff16,coeff40,0.501876873052589,1348
coeff40,coeff37,0.501904677923218,1221
coeff22,coeff34,0.50283218278096,1601
coeff24,coeff37,0.503353965704811,884
coeff39,coeff20,0.504067253136653,776
coeff8,coeff20,0.504750952945898,729
coeff1,coeff39,0.505429661496611,1663
coeff24,coeff20,0.505546701213371,843
coeff28,coeff40,0.505728799086118,1436
coeff40,coeff34,0.506117154222656,2072
coeff30,coeff37,0.506352629257199,1093
coeff29,coeff34,0.506766357346932,1568
coeff37,coeff20,0.507192111377992,730
coeff28,coeff34,0.507201953178668,1545
coeff4,coeff34,0.507678583575935,1636
coeff26,coeff20,0.507722273075728,829
coeff3,coeff35,0.507866090842912,1447
coeff33,coeff41,0.508252435188546,1792
coeff23,coeff40,0.508294715097653,1675
coeff31,coeff37,0.508725954187479,1119
coeff35,coeff8,0.508938597642937,227
coeff31,coeff41,0.509472077045404,1828
coeff8,coeff41,0.509563148941002,1575
coeff40,coeff20,0.50971261609768,898
coeff33,coeff37,0.509883599668528,1070
coeff23,coeff41,0.510737903325497,2248
coeff32,coeff20,0.511158368516555,822
coeff27,coeff25,0.511171239725019,972
coeff39,coeff41,0.511678673431099,1970
coeff13,coeff34,0.511854941620921,1495
coeff4,coeff22,0.512161477413249,422
coeff18,coeff41,0.513116914373912,1845
coeff30,coeff34,0.513406112576194,2166
coeff27,coeff41,0.513639735769805,2494
coeff30,coeff8,0.513986507407373,239
coeff9,coeff36,0.51446779622234,834
coeff31,coeff20,0.514661016837614,827
coeff18,coeff8,0.514814418762641,221
coeff15,coeff8,0.514928073589282,264
coeff24,coeff8,0.516218702623243,245
coeff11,coeff38,0.516271756759716,953
coeff27,coeff8,0.51644890994506,236
coeff3,coeff8,0.516538452882343,208
coeff19,coeff41,0.516613157281542,1523
coeff25,coeff8,0.51671305854713,237
coeff12,coeff8,0.516774042865685,230
coeff16,coeff8,0.516873768631058,232
coeff9,coeff8,0.516940502740188,226
coeff11,coeff8,0.516977379505116,228
coeff4,coeff8,0.516978112436481,243
coeff4,coeff14,0.517010858877004,278
coeff13,coeff8,0.517021324775031,241
coeff5,coeff8,0.517051442648935,253
coeff7,coeff8,0.517096591626295,278
coeff35,coeff37,0.517153805055912,1703
coeff28,coeff20,0.5179298107638,759
coeff19,coeff34,0.518090470493055,1682
coeff25,coeff34,0.518897869602727,1684
coeff7,coeff41,0.518915009868987,2563
coeff21,coeff40,0.51954300102016,1714
coeff26,coeff34,0.519720197378593,1803
coeff24,coeff40,0.519844095476112,1794
coeff3,coeff39,0.520142054110101,1710
coeff24,coeff41,0.520784036263571,2062
coeff32,coeff37,0.520849483325071,1754
coeff19,coeff37,0.521576413563606,966
coeff38,coeff36,0.52252495250462,1406
coeff25,coeff41,0.522537648027975,1641
coeff28,coeff37,0.522709115487991,1369
coeff27,coeff34,0.522734229317035,2098
coeff29,coeff37,0.523818974029351,803
coeff30,coeff20,0.524167603896113,905
coeff14,coeff41,0.524330125738261,2019
coeff4,coeff41,0.524397009786826,1594
coeff25,coeff37,0.525046012089732,1770
coeff1,coeff41,0.525915165577814,1739
coeff39,coeff34,0.526141383038091,1803
coeff32,coeff34,0.527054025276474,1903
coeff29,coeff20,0.52774612907304,795
coeff38,coeff20,0.528410113044731,855
coeff26,coeff40,0.529258241984844,1727
coeff1,coeff36,0.52928931595235,1210
coeff21,coeff20,0.529656392014755,867
coeff31,coeff40,0.53149333903508,2572
coeff32,coeff40,0.532758458981588,1864
coeff3,coeff34,0.532998081262212,1609
coeff7,coeff40,0.53395397377918,1678
coeff39,coeff37,0.534159734154647,1294
coeff18,coeff40,0.535026623876969,1651
coeff18,coeff34,0.536155083914774,1679
coeff17,coeff34,0.536444518139669,2121
coeff33,coeff20,0.536697856400537,831
coeff38,coeff34,0.537182647533898,1820
coeff11,coeff33,0.537215845895411,555
coeff5,coeff41,0.537759894829926,1745
coeff16,coeff41,0.537926633094239,1728
coeff11,coeff39,0.539595545398563,1645
coeff3,coeff41,0.543864910665403,1714
coeff13,coeff40,0.544218444506238,2214
coeff5,coeff20,0.544276434864353,829
coeff7,coeff37,0.544711030170629,1678
coeff18,coeff20,0.544791020768923,899
coeff22,coeff40,0.545230382099603,1841
coeff3,coeff36,0.54568266911602,1209
coeff30,coeff41,0.54749002195675,2298
coeff9,coeff40,0.548428132689065,1475
coeff17,coeff37,0.549162285358309,1878
coeff5,coeff34,0.549763167969482,1988
coeff19,coeff20,0.550586330496258,915
coeff27,coeff20,0.550660134865306,941
coeff17,coeff20,0.55149774446796,950
coeff26,coeff37,0.551522411939245,1983
coeff22,coeff37,0.551996768546006,1448
coeff11,coeff41,0.552419800605014,1465
coeff1,coeff34,0.553820221572099,1958
coeff13,coeff20,0.554637776021874,834
coeff19,coeff40,0.555004660423118,1658
coeff35,coeff40,0.555668874788875,1884
coeff27,coeff37,0.555870094732203,1992
coeff36,coeff41,0.556129565911251,1829
coeff13,coeff37,0.556970759101727,1423
coeff9,coeff34,0.557201572560861,1647
coeff6,coeff40,0.55979075087959,1795
coeff18,coeff37,0.559900170415313,1139
coeff1,coeff20,0.560298138405372,1002
coeff23,coeff37,0.562577586091513,943
coeff5,coeff40,0.562906810750503,2171
coeff11,coeff20,0.564069542266441,817
coeff36,coeff40,0.564073630595256,1889
coeff4,coeff37,0.564854498809052,1625
coeff36,coeff34,0.569735001803104,2073
coeff1,coeff40,0.571351629665441,1807
coeff9,coeff2,0.572565950432866,982
coeff17,coeff41,0.572607825836833,2640
coeff38,coeff40,0.573636307575872,1997
coeff4,coeff40,0.573821485375148,2038
coeff13,coeff41,0.574268133662077,1827
coeff3,coeff40,0.574416646570129,1807
coeff11,coeff36,0.575221499479242,959
coeff6,coeff37,0.576286136764904,1144
coeff38,coeff37,0.576382086884268,1761
coeff10,coeff2,0.57727882777997,981
coeff24,coeff2,0.577679121032929,1088
coeff1,coeff37,0.579488283992431,1564
coeff32,coeff2,0.581376297880598,1126
coeff25,coeff2,0.581572217872394,1178
coeff25,coeff40,0.581874040369997,2001
coeff27,coeff40,0.582021698348736,2128
coeff31,coeff2,0.582346535387548,1047
coeff17,coeff40,0.582395818861413,2657
coeff33,coeff2,0.582573836921409,960
coeff28,coeff2,0.582823600386521,929
coeff20,coeff2,0.583314881072158,1155
coeff12,coeff2,0.583493455634561,867
coeff8,coeff2,0.583616629193586,936
coeff13,coeff2,0.583781722968752,1219
coeff34,coeff2,0.58381693866259,922
coeff29,coeff2,0.58428215004581,940
coeff14,coeff2,0.584416730261489,1147
coeff18,coeff2,0.585099999887153,1088
coeff36,coeff2,0.585775070228876,1214
coeff37,coeff2,0.585923011094054,917
coeff30,coeff2,0.586112487979898,1039
coeff21,coeff2,0.586511857860069,991
coeff11,coeff2,0.58675845913777,1276
coeff39,coeff2,0.586815556753635,999
coeff40,coeff2,0.587779663516872,1273
coeff26,coeff2,0.588351113460762,1006
coeff23,coeff2,0.588419360389084,1074
coeff6,coeff2,0.588673627355969,1030
coeff15,coeff2,0.588698482872315,1212
coeff41,coeff2,0.589061235955323,1152
coeff35,coeff2,0.589604653840379,1218
coeff22,coeff2,0.589826867841407,1101
coeff27,coeff2,0.59053570115975,1189
coeff17,coeff2,0.590625249947303,1293
coeff1,coeff2,0.590631391925035,1276
coeff4,coeff2,0.590749552223032,1122
coeff38,coeff2,0.590901480684335,1218
coeff3,coeff2,0.591460680726736,1156
coeff5,coeff2,0.591523479240363,1036
coeff7,coeff2,0.591736037783886,1235
coeff16,coeff2,0.592516683024506,983
coeff19,coeff2,0.592819212713614,1113
coeff11,coeff34,0.593031733693979,1586
coeff5,coeff37,0.599176251709782,1643
coeff11,coeff35,0.60568802265589,1367
coeff12,coeff37,0.608472146379755,1040
coeff3,coeff37,0.615408517358363,1844
coeff11,coeff37,0.618623594315312,613
coeff11,coeff40,0.62208366037276,1478
