Gene,PC1,PC2,PC3,PC4,PC5,PC6,PC7,PC8,PC9,PC10,PC11,PC12,PC13,PC14,PC15,PC16,PC17,PC18,PC19,PC20,PC21,PC22,PC23,PC24,PC25,PC26,PC27,PC28,PC29,PC30,PC31,PC32,PC33,PC34,PC35,PC36,PC37,PC38,PC39,PC40
ABCA2,0.028145,-0.060593,0.16543,-0.042211,0.20453,-0.054622,0.037745,-0.059914,-0.00075971,0.021948,-0.23491,0.013177,0.064232,0.10209,-0.069367,-0.031778,-0.016766,-0.059887,0.012156,-0.015468,-0.046565,0.084122,-0.14389,-0.00096666,0.0020095,-0.027301,-0.098787,-0.084514,0.025513,0.097947,0.031486,-0.02628,0.088806,-0.033371,-0.14605,-0.054041,0.042209,0.018053,-0.078718,0.042199
ABCB9,0.091722,0.1112,0.023944,-0.053559,-0.015533,0.01667,-0.10564,0.013174,-0.13876,0.21553,-0.065102,0.099741,-0.09507,0.12815,0.07069,0.1091,-0.064053,-0.096862,0.12697,0.027065,0.065192,0.0089744,0.068348,-0.096812,0.16221,0.002108,-0.011852,0.26089,0.048915,-0.025391,0.078349,0.021553,0.018007,-0.11998,-0.01088,0.018136,0.0078809,-0.024464,0.091492,-0.20184
ACE,0.0040328,0.045683,-0.013919,-0.16064,-0.11055,0.22671,0.21864,-0.22093,0.033195,0.06386,0.052033,-0.062231,0.014566,0.16823,-0.11145,-0.040866,-0.073282,-0.14307,-0.02111,-0.029682,0.050559,0.1207,0.067685,0.0055607,-0.11229,-0.025888,0.055013,0.0084489,0.17746,-0.070346,-0.028235,0.16914,0.049528,-0.0015843,0.11118,-0.059332,-0.017236,0.083491,-0.0128,0.035511
ACP2,0.026897,0.084026,-0.11337,0.13964,-0.0056864,-0.17386,0.0033851,-0.11508,-0.0051035,0.019021,-0.24188,0.09608,-0.15671,0.24839,0.18949,-0.12708,0.075148,0.090005,0.0063174,0.015409,-0.13339,0.028735,0.28072,0.15156,-0.017828,-0.10125,0.0020868,0.030204,-0.045299,-0.14525,0.18095,-0.11435,0.022189,-0.11386,-0.00033943,0.10837,-0.033131,-0.06093,-0.067464,0.039624
ADA,-0.039083,-0.1177,0.12944,-0.11076,0.15409,0.024065,0.0076929,0.06586,-0.076567,-0.064599,0.059013,-0.098242,0.005303,0.072814,-0.036081,0.023484,0.015132,-0.01187,-0.049414,-0.08213,-0.12811,-0.039606,0.12628,0.033223,0.1764,0.073417,0.049929,0.090368,-0.070231,0.0032019,-0.025046,-0.028131,0.010465,-0.08932,-0.071806,-0.05248,0.079194,-0.0045975,0.030024,0.0041589
AGA,-0.11846,-0.057727,0.049705,0.032828,0.046143,0.081804,0.063481,-0.058702,0.041014,0.046731,-0.080203,-0.038215,0.029441,0.02099,0.054418,-0.0064984,-0.10287,0.014422,0.080576,0.0062349,0.058663,0.025613,0.0052286,0.0057974,0.11576,-0.048697,0.030072,-0.031898,-0.0067538,-0.017906,-0.089133,-0.072051,0.10349,-0.070139,-0.064325,0.057426,-0.072484,0.014308,0.22679,-0.077104
ANKRD27,0.085553,0.052749,0.091392,0.13331,-0.00097754,0.11165,0.070954,-0.12571,0.030499,0.032391,0.11102,0.033633,0.14236,0.016115,0.059782,-0.0048248,-0.0097892,0.26664,0.095553,-0.063257,-0.014269,-0.17984,0.04144,0.063172,0.15425,-0.048526,-0.0040176,-0.22191,0.096067,0.088456,0.071132,-0.016083,0.11327,0.0036824,0.029384,-0.01679,0.076576,-0.13934,-0.10927,0.0027307
AP5M1,-0.0061687,0.18092,0.063417,0.057323,-0.12962,-0.020833,0.021683,0.074206,0.091393,0.08419,-0.077282,0.036954,0.075393,-0.15959,-0.076549,-0.023623,0.048095,0.13073,-0.035826,-0.022772,-0.20605,0.1335,0.013652,-0.0027653,-0.094818,0.019117,0.093452,-0.041053,-0.11586,-0.045174,-0.20005,-0.059103,0.22963,-0.11596,0.09545,-0.084561,-0.069213,-0.030439,-0.010741,0.079577
AP5S1,-0.099777,-0.024586,-0.11044,-0.055253,0.053802,0.084224,0.14362,-0.046127,0.056864,-0.072364,-0.048583,-0.0088577,-0.054528,-0.017526,-0.15665,0.067186,-0.0037456,0.1088,-0.014423,-0.0064268,-0.026311,0.14429,0.00039157,0.21822,0.19092,0.067635,0.0053578,0.01546,-0.12047,-0.14405,-0.072763,0.14178,-0.029985,-0.21334,-0.0096707,-0.080015,0.085956,-0.0071586,-0.10082,-0.15191
ARL8B,0.054359,0.085155,0.0021423,0.204,0.019354,0.10303,0.11839,0.044153,0.013386,0.019417,0.13463,-0.10613,-0.01635,0.14783,0.036659,-0.053157,-0.22814,0.12514,0.072084,0.13266,-0.10802,-0.12446,0.03075,-0.07849,0.10571,-0.15944,0.043142,0.077233,-0.060022,-0.099225,-0.028715,0.082931,0.081811,0.068599,-0.11756,-0.042146,0.16073,0.0033226,0.079759,-0.064586
ARSG,0.074419,0.13668,0.027626,-0.042144,-0.11327,0.054258,-0.064921,0.12039,0.037063,-0.099277,-0.055453,-0.084658,-0.10562,0.24244,-0.062838,-0.01297,0.091629,-0.0329,-0.023768,0.0033412,0.17652,0.091525,-0.011247,0.094879,-0.041516,0.074447,0.11554,0.058783,0.015571,0.091028,-0.10414,0.12341,0.30423,0.31006,-0.030268,0.080971,-0.11742,0.112,0.033362,-0.063908
ARSK,0.083286,-0.023353,-0.082074,0.12134,-0.058034,0.11053,-0.046108,-0.063466,-0.037551,-0.0048738,0.084912,-0.018843,-0.068754,0.033766,0.22003,0.43399,-0.080336,0.13727,-0.061625,-0.033892,0.10033,0.070539,0.070027,0.30415,-0.051713,-0.032785,0.10893,-0.055412,-0.0038591,-0.0081823,0.13528,-0.11665,-0.036113,0.17467,-0.038,-0.059117,0.15575,0.24333,0.090584,0.055874
ASAH1,-0.11384,-0.0025873,-0.021667,0.07468,-0.094786,-0.10929,0.085318,-0.074191,-0.016746,0.022104,-0.07777,0.03911,0.061808,0.094246,0.082902,-0.0023665,-0.019262,0.0081767,-0.12126,0.019681,-0.10779,-0.059672,0.067403,0.071951,-0.14242,0.071244,-0.1499,-0.027565,0.030913,0.13287,0.15275,0.048459,0.02743,0.033254,0.037291,-0.0013955,-0.15052,-0.03363,-0.0049826,0.020503
ATP13A2,0.062273,0.031886,0.017302,0.23632,-0.042386,-0.049363,-0.018183,-0.12467,-0.099388,0.011034,0.034981,0.10742,0.1486,0.016153,-0.14034,0.033996,0.042958,0.026742,-0.060495,-0.057075,0.023455,-0.029899,-0.058437,-0.091875,-0.10546,0.057525,0.0002848,-0.025791,-0.065406,-0.013065,-0.015117,-0.047346,-0.052958,-0.050783,-0.032607,0.030027,-0.064952,0.031836,0.054112,-0.1266
ATP6AP2,0.01307,0.1255,-0.088193,0.1734,-0.039546,-0.074318,0.0911,-0.091975,0.071466,0.0029214,-0.091547,0.029061,0.074383,0.1829,-0.029044,0.22931,0.052872,-0.10133,0.14018,0.046905,-0.034573,-0.060333,-0.06516,-0.20907,0.2258,0.082032,-0.064389,-0.13723,0.05103,-0.018393,-0.18536,-0.0097783,-0.055484,0.23605,0.0069611,-0.12262,0.031315,0.0030231,-0.18604,0.0092166
BACE1,0.058936,-0.051692,0.17517,0.050761,0.15452,-0.042904,0.03294,-0.042027,0.088257,0.083638,-0.1194,0.022619,0.0063173,0.027991,0.083395,0.036218,-0.032668,-0.055725,-0.093448,-0.024881,0.034209,-0.039273,0.019944,-0.077075,0.02555,-0.15364,-0.037891,-0.0068424,-0.053301,-0.00069323,-0.0457,0.076883,0.038851,0.014019,0.012969,-0.034764,0.017692,0.077486,0.010559,0.051421
BBC3,0.11654,-0.065395,-0.041504,0.042196,0.046106,-0.0095701,-0.13473,0.017184,0.06741,-0.030083,-0.017714,0.0090866,-0.018993,-0.09082,0.065834,-0.009265,-0.0088837,-0.0023667,0.0017586,0.0075513,-0.018033,-0.031066,-0.003224,0.0043809,0.082886,0.050237,0.09869,-0.099969,-0.083714,0.020256,-0.024029,0.10125,-0.065024,-0.070762,0.12173,0.017876,-0.073004,0.042184,0.0084868,0.032804
BCL10,-0.063629,0.17606,-0.0021895,-0.016252,0.0050804,-0.010825,0.072111,0.019479,0.088981,-0.057112,0.11966,0.0064082,-0.075688,-0.033997,0.12072,-0.093893,0.092742,-0.032264,0.18553,0.096942,0.19831,0.19007,0.0034789,0.0039771,0.19126,0.17763,-0.18212,-0.16747,0.1039,-0.14735,0.0057587,-0.048811,-0.036327,-0.0028977,-0.11484,-0.043365,0.039052,0.082259,0.097937,0.10966
C9orf72,0.030653,0.11764,0.091404,0.088083,-0.13567,-0.036028,-0.20146,-0.06876,0.08273,-0.22643,0.013323,-0.0098924,0.065576,-0.081679,0.0074407,-0.19769,0.033419,0.022002,-0.080936,0.089775,0.032014,-0.13813,-0.017955,0.0013289,-0.021599,-0.11884,-0.20945,0.056731,0.028726,0.11899,-0.072141,-0.0096044,0.068081,-0.11681,0.086338,-0.12494,0.095466,0.099448,-0.043765,-0.11692
CALCRL,-0.030356,-0.041855,-0.031838,-0.01939,0.068659,0.24599,-0.23811,-0.11752,-0.068405,0.14551,-0.18527,-0.25969,0.32563,-0.043127,0.029361,-0.088874,-0.039834,0.10355,-0.059338,0.27415,0.30035,0.024205,0.16629,-0.075742,0.066004,0.1347,0.10622,-0.011987,-0.068814,-0.12472,0.03742,-0.048503,-0.11607,0.036777,-0.031448,0.038524,-0.05227,-0.14688,-0.081903,0.12043
CD164,-0.099642,-0.00085701,0.13649,0.044995,-0.021347,0.0088057,-0.071446,-0.10892,0.058108,0.076769,-0.081625,-0.0047874,-0.028697,-0.059162,-0.12433,0.1791,0.056231,0.12308,0.11811,-0.021398,-0.0011162,0.029904,0.085878,-0.16437,-0.14301,0.060511,-0.059461,-0.035653,-0.089932,0.039723,-0.020574,-0.033906,0.05319,-0.0021157,0.037939,-0.019998,0.0097635,0.076684,-0.04401,0.028245
CHID1,-0.083161,-0.10386,-0.090104,0.063182,-0.0023185,0.20148,-0.069324,-0.11554,0.019491,-0.028575,-0.046879,0.041393,-0.089288,0.027824,-0.033143,-0.0081556,-0.0046359,-0.046903,0.02162,-0.012977,-0.0052937,0.043932,-0.06285,-0.073951,0.01615,-0.045229,0.10985,0.029626,-0.079542,-0.057122,0.013753,0.018018,0.076594,0.013282,-0.010718,-0.1325,0.0035685,0.060327,0.01487,-0.015076
CHMP2B,-0.096215,0.11376,0.03894,0.028257,-0.086196,-0.060658,0.11845,-0.013659,0.0226,-0.062763,-0.057126,0.077653,0.047078,-0.0010595,0.11072,0.035818,-0.10666,0.17442,0.055414,-0.10844,-0.053977,0.07348,-0.04266,-0.018855,-0.093426,-0.037178,-0.032191,-0.11167,-0.17019,-0.056455,-0.090637,-0.061647,-0.18758,0.12668,0.010821,-0.061305,-0.072691,-0.11491,-0.030478,-0.051229
CLN3,0.11348,-0.02358,0.010096,-0.067178,0.071179,-0.038366,-0.018417,-0.11141,0.18927,0.073153,-0.08702,0.067121,-0.0059588,0.025751,-0.026203,0.032557,0.094362,0.037427,0.014165,0.15512,-0.078941,-0.033795,-0.10727,0.24648,0.053691,-0.012669,-0.04652,0.0067493,0.039277,0.038573,0.1049,-0.087243,-0.021344,-0.054087,0.12703,-0.086639,0.036633,-0.1087,-0.038808,0.15
CLN5,-0.074187,-0.065083,0.16725,-0.04186,-0.077948,-0.091405,0.042706,-0.045846,-0.073845,-0.10459,-0.019712,-0.01292,0.064778,0.043427,-0.00027181,0.04209,0.080625,0.20493,0.034417,-0.048706,0.0063347,-0.031431,-0.10395,-0.048832,0.077899,0.014168,-0.11655,-0.021182,-0.062982,-0.06311,0.15486,0.21185,0.052327,0.11619,-0.13358,0.039259,-0.13987,0.10583,0.070547,0.10426
CLTC,0.1174,-0.0052387,-0.0018253,0.11516,0.010571,0.12029,-0.021184,0.022952,-0.023468,-0.019496,-0.034418,0.028262,0.058608,-0.0216,-0.015592,-0.0054343,0.0088339,0.0072748,0.069305,0.010625,-0.15623,0.033289,0.040218,0.0047683,-0.053363,-0.067053,0.037585,0.13314,0.02047,-0.025867,0.1109,0.0072125,0.14332,-0.082426,0.070178,-0.047617,0.012249,-0.012725,-0.045745,0.12203
CTNS,-0.058244,-0.095429,0.15788,-0.027975,0.14977,-0.039671,0.028826,0.046829,-0.015417,0.024556,-0.029681,-0.0056275,0.088058,0.048531,-0.012857,0.12396,0.09766,0.13668,-0.07247,-0.062746,-0.013386,0.11293,-0.076309,0.066893,0.1504,-0.096376,-0.054603,0.17917,0.055675,-0.14312,-0.15212,-0.015809,0.06329,0.074335,0.057236,-0.0092316,0.0072402,-0.051063,-0.052149,0.050511
CTSB,0.12215,-0.0088252,-0.028819,0.022609,-0.056004,0.09748,0.015628,0.00051392,-0.066823,0.040264,-0.17527,-0.0054504,-0.087192,-0.057752,0.062017,-0.04539,-0.084507,-0.055263,0.0068368,-0.055721,0.035243,0.036878,-0.031796,-0.0094039,-0.093731,0.037938,-0.058682,-0.15183,0.045143,-0.07492,0.070391,-0.10124,0.080654,0.060564,-0.059726,-0.042256,-0.0062795,0.018957,0.071725,-0.060619
CTSD,0.10751,-0.088887,0.06295,0.075127,-0.047106,-0.031504,0.088822,-0.027636,-0.030175,-0.018755,-0.033475,-0.044295,0.016975,0.11096,0.022312,0.01151,0.026639,-0.038277,-0.0016662,-0.018604,-0.028671,0.017667,0.045742,-0.051624,-0.048075,-0.083754,0.10204,0.029897,0.14996,-0.022579,-0.0033178,-0.13298,0.050253,-0.0018278,-0.022901,-0.061416,0.0048787,0.063667,-0.10614,-0.10795
CTSH,-0.013413,-0.13523,0.061292,0.1251,0.072822,0.02722,-0.13616,0.057906,-0.026684,0.076348,0.21399,0.34957,0.10639,-0.028639,-0.0020232,0.041034,0.049638,-0.13232,-0.111,0.08354,0.16196,-0.026471,0.18441,0.093814,-0.075645,0.04004,-0.15225,-0.081751,-0.032302,-0.045206,0.08612,0.034821,0.04546,-0.074905,-0.13848,-0.08541,-0.065175,-0.0045566,0.12088,0.034586
CTSK,0.11929,0.0018642,0.06257,0.0028737,-0.088009,-0.063242,-0.068645,0.0065398,0.01338,0.039464,-0.12361,-0.015363,-0.0012325,0.072137,-0.10964,0.013385,-0.036926,-0.0030965,-0.0068176,0.016925,-0.019082,-0.019279,0.018,-0.065683,0.015921,0.09483,0.071349,-0.036299,-0.085941,0.028076,0.080379,0.19071,-0.05546,-0.19074,-0.0067426,-0.13347,0.1303,0.29233,0.15004,0.30854
CTSL,0.080533,-0.07096,0.17529,-0.0077088,-0.020525,0.053194,0.0049322,0.025762,-0.051614,0.012049,0.04111,-0.030616,-0.082183,0.013117,0.0089615,-0.12615,0.098719,0.029836,0.12299,-0.13737,-0.099583,0.076853,0.055244,0.096936,0.050932,0.081184,-0.045424,0.031787,-0.01464,0.12423,-0.081348,0.023314,-0.0037098,0.026596,-0.010012,-0.047895,-0.082504,-0.033689,-0.091174,0.091844
CTSS,-0.098603,-0.039789,0.014165,0.054095,-0.086269,-0.2321,-0.052592,0.093435,-0.037021,0.095613,0.014168,-0.027964,-0.028027,0.17483,-0.036966,0.076426,0.075867,0.025216,0.11276,0.083526,0.19969,0.11296,-0.11124,0.11382,0.06837,0.019113,0.02793,0.063796,-0.041415,-0.051383,0.0039198,-0.11358,0.044792,-0.16771,0.067624,0.056803,0.0028461,-0.051732,0.054461,-0.031656
CTSZ,0.028096,0.095268,0.16329,0.0041831,-0.14873,-0.032509,0.064365,-0.13193,-0.093527,0.19467,0.081541,-0.026126,-0.030101,-0.10614,-0.016422,0.0047498,0.081601,-0.12893,-0.18702,-0.039591,0.13451,0.11008,0.12173,0.030026,0.048383,0.031534,-0.13772,0.016295,0.0049886,-0.14623,0.016209,-0.058904,0.074018,-0.095959,-0.15075,-0.19063,0.098382,0.027725,-0.16705,-0.13249
CXCR4,-0.12424,-0.055956,0.052605,0.004721,-0.016168,0.0426,0.013454,0.020805,-0.019181,0.064616,-0.035704,0.041454,0.074419,0.00036049,0.0072186,0.0020212,0.018986,-0.062013,-0.020709,0.061295,-0.068843,-0.015033,0.014757,0.0046326,-0.016617,-0.12001,0.047021,-0.0023026,0.10137,0.041505,0.038341,0.053408,0.138,-0.014147,-0.00056285,0.0013226,0.068195,0.022458,-0.096663,-0.055368
DEPDC5,0.12836,0.015002,0.036218,0.018628,0.028341,0.0092055,-0.025375,-0.010607,0.073383,-0.058356,0.05955,-0.075343,-0.04668,-0.0069737,0.032114,-0.089467,-0.0043758,0.055201,-0.037521,0.055484,0.0010738,-0.018979,0.0041716,0.11075,0.066508,0.00035106,-0.00069537,-0.0063446,0.0057142,-0.042201,-0.092714,-0.0090964,0.00024796,-0.060626,-0.072489,-0.13223,-0.074656,-0.020377,-0.055538,-0.040532
DRAM1,-0.098378,-0.088546,0.026552,0.0242,-0.1347,0.060966,0.069333,-0.084469,-0.050204,0.037242,0.19133,0.0060457,0.063117,-0.012328,-0.016154,-0.0020206,-0.16039,-0.024805,-0.043128,0.073915,-0.12284,-0.031578,-0.019126,-0.076996,-0.051759,0.14599,0.092958,0.13922,0.10955,0.11032,-0.051301,-0.10528,-0.028647,-0.063464,-0.040281,-0.10714,-0.070366,0.19317,0.071889,0.0025437
DRAM2,-0.044728,-0.022792,0.15441,-0.093082,-0.18895,0.040276,0.060958,0.072095,-0.098303,-0.091459,-0.031606,0.07907,-0.14616,-0.12995,-0.0037168,-0.025152,-0.17949,-0.038694,-0.058912,0.015766,0.017059,0.041766,0.049084,-0.12345,0.077981,0.018301,-0.098912,-0.074453,-0.13853,-0.19755,0.13608,-0.01565,0.12613,0.093041,-0.0081634,-0.14881,-0.088704,-0.13837,0.029157,-0.09082
DTX3L,-0.12276,0.0065935,0.078481,0.019881,0.025328,-0.0043833,-0.047608,0.033365,-0.038819,-0.025545,-0.00086451,0.060251,-0.050917,0.0084784,-0.1553,-0.049687,-0.032935,0.023039,0.11082,0.017974,0.044541,0.066028,0.0088728,0.073854,0.11642,-0.098599,0.017127,0.03464,0.040795,0.084144,0.027224,-0.046485,0.039855,0.10742,0.029688,-0.090186,-0.065527,0.080082,0.11447,0.075224
EPDR1,3.8177E-05,0.12769,-0.065808,0.20337,-0.0066862,-0.10328,-0.0074676,-0.036252,-0.087215,0.13859,-0.0098075,-0.17378,-0.099158,0.034151,-0.020849,-0.027332,-0.052201,-0.022397,-0.1153,0.035997,-0.016262,0.012248,-0.10675,-0.092041,0.0022179,0.086136,0.026931,0.053946,-0.11562,-0.050674,0.070408,0.0087578,0.13989,0.13998,0.079868,-0.05611,-0.070188,-0.058145,-0.016422,0.012597
EPG5,-0.10536,0.038119,0.020368,0.062906,0.056191,-0.030335,0.038033,-0.22602,0.042846,-0.099082,0.12955,0.10346,0.092066,-0.039131,0.10258,0.014279,0.0088583,0.077864,0.24485,0.12258,0.19656,0.10825,-0.11674,-0.031647,-0.044944,0.084194,0.073494,0.20992,-0.081875,0.23938,0.12006,0.15326,0.20362,-0.074877,-0.23028,0.029838,0.041307,0.031846,-0.17608,-0.12329
FYCO1,-0.066837,-0.16754,0.085853,-0.029695,0.037925,-0.02648,0.018988,0.015012,0.031688,0.098815,0.055085,-0.05861,0.0086171,0.011617,-0.06575,-0.035442,0.083148,0.10921,0.046781,0.15932,0.051451,-0.056212,0.062508,0.057573,-0.018196,-0.14119,-0.050477,-0.087026,0.031842,-0.0116,0.10589,-0.037268,0.15118,0.06803,0.13017,-0.018116,-0.013233,0.083607,0.075129,0.015403
GAA,-0.049418,0.074514,0.14453,-0.010178,-0.054047,-0.032959,-0.079095,-0.1672,0.22003,0.091426,-0.0042935,0.2289,-0.24567,-0.073342,-0.0071943,-0.076661,0.19729,0.015796,-0.031104,0.26962,-0.091442,-0.10185,-0.016553,-0.055557,-0.034164,0.043064,0.13053,-0.029547,-0.0011315,-0.062579,-0.11993,0.057627,-0.063538,0.088071,-0.086011,0.17824,-0.099218,0.087372,0.10851,0.0039655
GGA3,0.12916,-0.029191,-0.023502,-0.012799,0.0059652,0.0073367,0.036382,0.013679,0.0047791,-0.059186,-0.039847,-0.064716,-0.0024158,0.0065052,-0.10432,0.02835,0.086942,0.083746,0.0062367,0.013658,-0.029632,-0.049567,-0.054976,0.031686,-0.090011,0.041277,-0.11962,-0.0035886,-0.029908,-0.15776,0.082935,-0.013702,0.040045,-0.023411,-0.066022,-0.063741,-0.0015232,0.091129,0.046179,-0.056698
GLA,0.053448,0.12979,0.13074,-0.05532,-0.0263,0.074141,0.013523,0.1408,0.050831,0.084361,-0.14118,0.08426,-0.12106,-0.2077,0.087468,0.089783,-0.059731,0.0014717,-0.0031749,-0.014902,0.097175,0.043175,-0.13296,0.056067,0.022488,-0.0687,0.11838,0.025981,0.1377,0.039859,0.058316,0.31887,-0.10817,-0.0072234,-0.043311,-0.15897,-0.15319,-0.1381,-0.059704,0.013204
GLMP,-0.09693,0.052222,0.011668,0.15141,-0.034157,0.0056341,0.10557,0.020467,0.013694,-0.13845,0.05735,-0.10555,-0.089972,-0.023346,0.15472,-0.047675,0.15753,0.070339,-0.039955,0.0077544,-0.082627,-0.10508,-0.13614,-0.044442,0.11594,0.19853,-0.033443,-0.021708,0.051459,-0.0086513,0.040504,0.02422,-0.060149,-0.077318,0.061103,-0.020561,0.15713,0.10013,0.27275,0.0025427
GRN,-0.12689,0.02809,0.014584,0.046216,0.0082338,0.059611,0.011605,0.038047,0.011495,0.11396,-0.080113,-0.01418,0.0081413,0.017202,-0.10207,0.0079369,0.021903,-0.057407,-0.034891,0.0090727,0.042754,-0.014314,-0.047488,0.092247,-0.023611,-0.0042627,-0.00902,0.0093043,0.036135,0.0099627,-0.0075474,0.0055096,-0.014947,0.10854,0.0085108,0.033791,0.11896,-0.096436,-0.025036,0.020765
HCK,-0.07409,-0.10891,-0.040589,0.1005,-0.07648,-0.016913,0.038874,0.20461,-0.013684,0.061882,-0.15736,0.088412,-0.21001,0.036881,0.024787,0.018497,-0.23745,0.098576,-0.062174,0.15871,-0.066384,0.10193,0.12584,0.026511,0.06417,0.10178,-0.068633,-0.18071,-0.011444,0.30004,-0.059921,0.07867,-0.033192,-0.082107,-0.10024,-0.0074453,0.047033,0.10795,-0.11795,-0.0044162
HGS,0.10355,-0.053729,0.053558,0.077474,0.12515,-0.036882,-0.094267,-0.1225,-0.050701,0.032662,0.082013,0.060716,0.040529,0.10309,-0.012602,-0.007129,0.016883,-0.047635,-0.060172,-0.031155,0.020652,0.09386,0.10014,-0.086897,-0.061531,-0.10372,-0.05594,-0.047783,-0.06178,0.053699,-0.0058923,0.0041397,-0.11587,0.023521,0.076882,-0.019919,-0.0035241,0.090308,0.018405,-0.059669
HPS4,-0.0022801,-0.15049,0.057435,-0.075313,-0.15265,0.093022,0.065575,-0.12038,0.22642,-0.083998,-0.018853,0.014937,-0.018521,0.18615,0.0033094,-0.029872,0.033993,-0.051655,-0.12448,0.057224,-0.035573,0.078541,0.032584,0.067213,0.083692,0.079725,0.018229,0.064923,-0.16531,0.076,-0.037185,-0.10048,-0.08372,-0.062017,0.12248,-0.041285,0.039791,-0.099604,0.22861,-0.046762
HYAL2,-0.094334,0.07143,0.11993,-0.023087,-0.0024216,0.13857,0.032223,0.015683,-0.13011,-0.0014234,-0.023221,0.11463,0.011497,-0.076084,-0.018133,0.087703,0.059112,0.10763,-0.060211,0.039857,-0.11791,0.0015665,0.13253,0.032786,0.13801,0.14282,0.010969,0.0026277,0.22391,0.09628,0.024323,-0.043141,0.10672,0.022128,0.067122,0.033989,-0.052517,0.02116,-0.041174,-0.061363
HYAL3,0.10448,0.05531,0.0022694,0.089552,0.091391,0.0067942,0.15999,-0.014957,-0.074238,0.054888,0.024109,-0.10975,0.08824,-0.11775,-0.11705,-0.033518,0.097028,0.0093055,0.0013233,0.057397,-0.038054,-0.0042744,0.030024,-0.010035,0.0030998,0.15603,0.16715,-0.058396,-0.14721,0.012866,0.11935,0.061757,0.021023,-0.0058393,0.06655,0.042096,0.066685,0.10276,0.098799,0.0051786
IDS,0.11966,0.052695,0.013141,-0.10337,-0.026052,0.0066371,-0.0034224,-0.020599,0.0025013,0.022536,0.010309,-0.043269,-0.10542,0.009937,-0.058178,-0.0024735,-0.0039704,0.075696,0.014952,0.012883,0.069642,-0.032961,0.033767,0.035577,-0.046319,-0.0062689,-0.031432,0.026482,0.009384,0.066195,-0.060576,-0.010087,-0.034211,-0.019683,-0.01051,0.016075,0.08738,0.015526,0.12564,0.0013875
IFI30,-0.12053,-0.044754,0.060004,0.037985,-0.041154,-0.010879,-0.0012454,0.093296,-0.073989,0.02964,-0.018774,0.076539,-0.046522,-0.010269,-0.027497,0.072593,0.035629,0.058362,-0.090333,0.10854,0.033052,-0.091175,0.018707,0.0050737,-0.025633,0.020111,-0.0091245,0.072305,0.19118,-0.018986,-0.024,-0.047441,-0.087438,-0.043839,0.18674,-0.0029661,0.082328,0.050725,-0.010955,0.02582
ITM2C,0.034134,-0.15498,-0.077419,-0.0013392,-0.172,-0.025727,0.031517,-0.050908,0.0038247,0.13089,0.082881,-0.0017642,-0.034421,-0.012189,0.10993,-0.1928,0.19194,0.075613,-0.016912,-0.12475,0.17728,0.16965,0.015495,-0.14369,0.091454,0.011443,-0.030764,-0.15483,0.0029752,0.086016,-0.06152,0.092914,-0.053621,0.0067465,-0.013568,0.1197,0.17942,-0.011391,-0.054579,-0.04246
KCNQ1,-0.098953,-0.13443,-0.012826,0.048495,-0.030145,-0.019353,0.060507,0.044037,-0.0063531,0.024224,0.030775,0.14212,0.051365,0.025548,-0.030467,0.0066587,0.010718,0.061308,-0.060606,0.052397,0.068721,0.012832,-0.059563,-0.034497,0.049016,0.042269,0.030402,0.098347,0.11308,-0.063178,-0.048056,-0.095461,-0.15478,-0.057734,0.13715,-0.02496,-0.038239,0.035548,-0.05354,-0.066
KLHL22,0.1188,-0.082471,-0.0361,0.010245,0.030549,0.021224,-0.038167,0.037543,-0.033188,0.066436,-0.091159,0.010329,-0.0059386,-0.031509,-0.014579,-0.085153,0.063077,0.05776,0.048294,0.061867,-0.065351,0.14449,-0.024465,-0.016809,0.018368,0.026283,0.020387,0.032759,0.0386,0.058622,-0.037676,-0.08802,0.047884,0.063646,0.00099359,0.0092531,0.13282,0.022856,0.05799,-0.11236
LAMP1,-0.083073,-0.0015982,0.15333,0.022803,0.15523,0.10401,0.014618,0.020795,0.075547,0.011271,-0.076634,0.040374,-0.034602,0.00051767,0.018319,-0.049491,0.0089494,-0.0096135,0.013152,0.0079782,-0.0018587,-0.0035132,-0.0089823,-0.029229,0.040234,-0.050723,0.045088,-0.0069614,0.052169,0.0062358,0.044837,-0.071679,0.04487,0.087527,0.003842,0.077223,0.13669,-0.089675,0.057508,0.079956
LAMP2,-0.094465,-0.0035363,0.14444,-0.047078,0.10743,0.039761,0.0015821,0.026544,0.08435,0.017254,-0.10653,-0.097581,0.0082552,0.068547,0.0012677,0.037252,-0.065437,-0.058259,0.0064562,0.06225,-0.0075387,-0.15428,0.021249,0.05575,-0.093186,0.078719,-0.10157,-0.079195,-0.087781,0.016506,-0.060102,0.10475,0.071755,-0.026516,-0.013185,0.078218,0.017218,0.013012,0.11739,-0.092135
LAMTOR1,-0.127,0.016687,-0.0028619,0.021539,-0.034645,-0.029216,0.084894,-0.0061795,-0.083639,0.085817,0.014826,-0.022221,0.020531,0.008335,0.022368,-0.082773,0.0195,0.070564,-0.019198,-0.060833,-0.044483,-0.053006,0.10068,-0.00052349,0.045239,0.10518,0.09768,-0.018036,0.20433,0.0039058,0.0044864,0.047804,-0.032622,-0.07057,0.0090173,-0.1678,-0.051625,-0.072661,-0.030777,0.092379
LAMTOR4,-0.10785,-0.0027438,0.039268,0.12192,0.012127,0.14451,0.016172,0.04232,-0.059232,0.045958,-0.087472,0.063197,-0.01608,-0.13942,-0.020276,-0.025345,-0.072635,0.061719,-0.085273,-0.031532,0.0067577,-0.023612,-0.20314,0.080421,0.10338,-0.022275,0.075049,0.13463,-0.12981,-0.042296,-0.061754,0.031626,-0.1182,0.10798,-0.095176,0.0074026,0.028137,0.11714,0.038228,-0.14276
LAMTOR5,0.080241,-0.123,0.063837,0.058746,-0.11387,-0.082018,0.07477,0.10191,-0.14442,0.0432,-0.00057197,-0.063131,0.008089,-0.0085653,-0.017905,0.0094925,0.10535,0.018834,0.019459,-0.0026006,-0.025094,0.035015,-0.073886,0.1552,0.012091,0.095804,-0.0090351,0.11661,-0.036059,0.07637,-0.039309,-0.015574,-0.0058736,-0.018854,0.0061749,0.15613,-0.10797,-0.043958,0.062736,0.012391
LAPTM4B,0.06599,0.068224,0.17347,0.062689,-0.10381,-0.061991,-0.034494,0.098187,-0.031754,-0.041392,0.08138,-0.07433,-0.030845,0.13148,-0.012211,0.0041605,-0.017408,-0.053803,-0.053032,0.018002,0.050404,-0.076291,-0.021466,0.063319,0.04148,-0.011643,-0.040821,0.083539,-0.017606,-0.046927,-0.036807,0.12207,-0.14891,-0.10779,-0.00633,-0.019847,0.036014,-0.0187,-0.015673,0.024582
LAPTM5,-0.055908,-0.16595,0.023352,0.068218,-0.072194,-0.053526,0.039677,0.14812,-0.08925,0.067539,-0.031934,0.045612,-0.062734,0.035122,-0.076823,-0.12468,-0.035305,0.22083,0.04464,0.19093,0.14936,-0.11137,-0.052913,-0.10507,-0.20726,-0.078425,0.031834,0.0226,0.03944,-0.17551,0.050445,0.10669,-0.062169,-0.029851,0.034863,0.026872,0.028235,0.050031,-0.17874,-0.038846
LDLR,0.069616,0.0098346,0.096864,0.16699,0.10589,0.054131,-0.038354,-0.033011,0.045595,0.049674,0.29808,0.026208,-0.10269,0.065335,-0.098281,-0.054056,-0.049128,-0.052669,-0.059258,-0.051172,0.062783,-0.032905,-0.05697,-0.0033056,0.025438,-0.041014,0.021557,-0.13171,0.079372,0.13114,0.0077105,-0.0329,0.14603,-0.043986,0.073916,-0.11781,-0.19369,-0.20194,0.061312,0.074215
MCOLN1,0.12372,-0.0086158,0.047182,0.05872,0.012421,0.079891,0.021645,0.055493,-0.039842,-0.0013108,-0.031906,-0.04008,-0.016346,-0.035912,-0.078704,-0.016476,-0.02988,0.20278,0.021284,-0.043015,0.010217,0.0027264,-0.004432,0.057237,0.022996,0.045899,-0.057107,-0.077662,0.030606,0.091433,-0.12006,-0.061092,0.05855,0.0059774,0.01666,0.018564,0.038288,-0.098045,-0.041841,-0.14078
MFHAS1,0.10791,0.046409,-0.0028037,-0.054734,0.028695,-0.15238,-0.025108,-0.1511,0.0028017,0.0060312,-0.074562,0.10849,0.10384,0.014973,-0.21626,-0.16171,-0.061349,0.031465,-0.066938,-0.060935,0.038854,-0.12833,0.03717,0.18662,0.19905,0.079547,-0.027797,0.091819,-0.016147,0.09113,-0.10153,0.035664,-0.0027072,0.067816,-0.072687,0.090048,-0.055067,0.15011,-0.12518,-0.01183
MFSD12,-0.027893,0.017366,-0.06446,0.1986,0.22549,0.046838,0.0048404,0.085768,-0.011657,0.085932,-0.0057876,0.14441,-0.020371,-0.025722,0.026776,0.028078,0.0090282,0.027522,-0.015667,0.013211,0.029678,-0.10525,0.043719,0.0058148,0.10968,0.016292,0.039605,-0.007842,-0.043215,0.017388,-0.035603,0.067563,0.076616,-0.090745,0.14479,-0.016867,-0.045936,-0.025972,-0.060577,-0.033085
MTOR,-0.067379,0.095258,-0.092193,0.020707,0.055386,-0.13534,0.18116,-0.041298,-0.15485,-0.19175,-0.15597,-0.00031066,0.1854,0.039088,0.0079662,-0.0015079,0.12093,-0.13036,-0.0011733,0.067178,0.16625,-0.030489,-0.028091,-0.039206,0.036777,0.0081701,-0.046078,-0.0016539,0.12339,0.085837,-0.036222,-0.10726,0.0055235,0.010462,0.039756,-0.083884,-0.08357,0.075475,0.034689,0.098212
MYO5A,0.12615,-0.0030412,-0.0035746,0.043809,0.046409,-0.0471,0.05567,-0.028525,0.091639,0.042658,0.010036,0.0065852,0.080994,-0.023756,-0.053999,0.0339,-0.011743,-0.058895,0.0016883,0.12811,0.11523,-0.054495,0.0076311,0.13114,-0.0081392,0.019688,-0.027299,-0.038423,-0.015425,-0.11896,-0.15298,-0.076744,-0.004948,0.011904,-0.023995,-0.15017,-0.012747,0.029126,0.095724,-0.10388
NAAA,-0.0037649,0.14905,0.0070887,-0.12293,-0.16132,-0.049197,-0.035189,-0.13445,0.091293,0.22514,0.049894,-0.0034134,0.011458,0.041313,0.144,0.0026578,0.053094,0.052702,-0.11328,0.050107,-0.16583,0.072767,-0.11149,0.0082102,-0.01639,-0.095595,-0.01003,0.096341,-0.10948,0.075138,0.070671,0.0049231,0.033625,0.041752,0.035659,0.013284,0.056929,-0.10192,-0.015535,-0.0014472
NAPSA,-0.11874,0.080055,0.034303,0.047091,-0.017278,-0.019659,0.010516,-0.016413,0.038982,-0.05029,0.0087246,0.069713,-0.028474,0.02077,-0.015975,-0.10528,0.08599,-0.030403,0.0043496,-0.033297,0.011256,-0.10668,0.095756,0.10508,-0.013937,0.037733,0.025016,0.003261,-0.13128,-0.11978,-0.049077,0.074843,-0.10292,0.075875,0.035897,0.011315,0.10863,-0.031123,-0.11748,-0.1587
NEU1,0.11921,-0.040889,0.0099421,0.056238,-0.047956,0.083775,0.020921,0.054393,0.012625,0.041833,-0.13686,0.1113,0.0037469,1.0118E-05,-0.0522,-0.13628,-0.017492,-0.069801,0.06756,-0.0083406,0.010139,0.00671,-0.083593,-0.11721,0.030093,-0.069449,-0.15336,-0.14336,0.056669,0.16615,0.018099,-0.15082,-0.13578,0.00013614,-0.14865,0.030268,0.15199,-0.052781,0.13869,-0.05435
NEU4,0.029962,0.033821,0.18806,-0.010022,-0.027348,-0.19546,0.098248,0.03325,-0.19671,-0.071658,0.050112,0.078314,0.13328,0.036053,0.044668,-0.14993,-0.024758,0.046029,-0.12204,0.074167,0.14105,0.18073,-0.020888,0.064225,-0.096984,-0.064974,0.27418,-0.142,-0.17068,0.075908,-0.097954,-0.00048942,0.050733,0.010419,0.10674,-0.06105,0.26105,-0.038898,0.017954,0.076694
NPC2,-0.12343,-0.046439,0.071057,0.012683,-0.017782,0.022775,0.043276,0.049887,-0.013265,0.040357,-0.044619,-0.023056,0.037154,0.030916,-0.025534,0.051597,0.0080248,-0.039116,-0.012744,0.072858,-0.014207,-0.049495,-0.035257,-0.04067,0.020396,-0.030887,0.029813,-0.054278,0.016233,-0.016173,0.0061752,0.0094594,0.026274,0.034723,-0.069422,0.017596,0.045573,-0.054225,0.065755,-0.049615
PCSK9,0.035561,0.045952,-0.034573,0.035826,-0.036105,0.12333,0.21933,0.32616,0.34376,0.029151,0.025976,0.092396,0.13219,-0.043428,0.043925,-0.0094808,0.26179,-0.0025715,0.041425,-0.025762,0.091787,-0.013837,0.098605,0.015615,-0.10022,-0.099588,0.14684,-0.027427,-0.037463,0.023163,0.061333,-0.11924,0.050584,-0.055446,-0.046546,0.018055,-0.096041,0.20117,-0.041492,-0.13453
PCYOX1,0.016987,0.046763,0.085041,0.15208,-0.20354,-0.023463,-0.18317,-0.050541,0.196,-0.010975,0.011642,-0.12132,0.050494,-0.015476,-0.1119,-0.020799,-0.030203,0.0081833,0.10288,-0.081522,0.014833,-0.014274,0.04582,-0.060824,0.042346,0.023289,0.0081294,0.083592,0.17975,-0.079488,0.03844,0.020966,0.040106,-0.049691,0.014737,-0.038067,0.030445,-0.069285,0.058818,-0.069535
PLEKHF1,-0.046804,0.056871,0.21597,-0.036003,0.068488,-0.022228,-0.054277,0.082046,-0.00041321,-0.050354,0.042585,-0.068332,0.048209,0.064721,-0.004101,-0.0057356,-0.056304,-0.015994,-0.092173,-0.048742,0.09442,-0.014483,-0.050629,-0.093745,0.063549,0.029109,-0.0010652,0.025807,0.009481,0.056254,0.024681,-0.1458,-0.033269,-0.049353,0.045204,0.20178,-0.04714,-0.064457,0.035545,-0.11051
PLEKHM1,0.043499,0.068917,0.075287,-0.15616,0.14617,-0.037499,0.19437,-0.05607,0.1338,0.058634,0.11002,0.022783,-0.016875,0.043391,-0.068652,-0.098823,-0.12665,0.16253,-0.083564,0.06793,-0.026751,0.058564,-0.098577,-0.12851,-0.045495,0.2311,0.054437,0.086608,0.07416,0.095945,0.23801,-0.1583,-0.1526,0.063956,-0.052246,-0.049517,-0.021067,0.022141,-0.10859,-0.00068966
PPT1,0.057795,0.088972,0.083227,0.030932,-0.2053,0.13945,-0.041636,0.14478,-0.044344,0.04534,-0.0044695,0.063549,0.1337,0.11811,-0.045695,0.025475,0.16692,0.10794,-0.015308,0.16813,-0.059831,0.043433,-0.14028,0.02225,0.056324,-0.069557,-0.050476,-0.070937,-0.01555,0.058724,0.083557,-0.055688,-0.19269,0.10075,0.016095,-0.083724,-0.045191,-0.051785,0.021181,0.024582
PRSS16,0.12611,0.0097789,0.045654,0.010392,0.061003,0.027998,-0.048942,0.041698,-0.0025786,0.066342,0.010356,-0.054635,-0.055101,-0.064875,-0.11365,-0.0076194,0.023131,0.090043,0.017698,0.0020761,0.0071345,-0.043747,-0.046536,0.087995,-0.056211,0.077064,-0.080403,-0.00252,-0.014675,0.018107,-0.0076639,-0.083012,0.033071,0.075026,-0.047253,0.01799,-0.0075518,0.048317,-0.0089298,0.0015398
PSAP,0.11186,-0.089683,0.020222,-0.0018426,-0.083333,0.043102,0.035321,0.044631,-0.04722,-0.02327,-0.12575,-0.012014,-0.010731,0.069786,0.16101,-0.09618,0.014376,-0.054883,-0.0030831,-0.0065188,0.02562,0.075192,-0.057275,-0.10007,0.094488,-0.0035445,0.077218,0.019915,-0.027814,0.0781,0.097533,-0.020235,0.060038,-0.050762,0.032594,0.086085,0.027844,0.076868,-0.079829,0.026729
RAB7A,-0.11858,0.063337,-0.016036,0.044918,0.078835,-0.076204,-0.059795,-0.0089391,-0.032814,0.0051149,-0.017506,0.023041,-0.073066,-0.093967,-0.037701,0.070323,0.026361,-0.024419,0.025594,-0.031855,0.023904,0.05276,0.039749,-0.034458,0.0066235,-0.060673,0.080337,-0.0080589,-0.041942,0.086223,0.10702,-0.070221,-0.054455,-0.089779,-0.021252,0.055063,-0.067194,0.13009,-0.11355,-0.091046
RAB7B,0.065262,-0.050507,0.1654,0.036771,0.13265,-0.024517,-0.020053,-0.097639,0.074896,-0.028761,-0.052057,-0.15534,-0.15135,0.13768,0.028933,0.071664,-0.0039188,-0.14491,0.022107,0.15944,-0.061847,-0.0081818,-0.056155,0.0094735,-0.11798,0.1389,0.10954,-0.036986,-0.015657,0.088307,0.1408,0.0038224,-0.0875,-0.043665,0.077932,-0.14994,-0.06203,-0.0033626,-0.074773,-0.2857
RAB9A,-0.096426,0.083706,0.11379,-0.019152,0.0049475,0.055349,-0.058891,-0.018583,-0.13383,0.022022,-0.10861,-0.042283,-0.10396,-0.08558,0.010679,-0.12928,0.0031073,-0.10054,0.12392,-0.0036256,-0.013874,-0.0046836,-0.076547,0.055123,-0.045175,0.11784,-0.015852,0.04767,-0.1446,0.039965,0.022035,-0.28462,0.001405,0.11345,0.11485,-0.20146,-0.0019468,0.15091,-0.10493,0.041654
RAMP3,0.07642,0.066705,0.14373,0.064416,-0.056851,-0.056364,0.073599,-0.079178,-0.02847,0.16341,-0.055694,0.013127,0.1862,-0.15352,0.17092,0.049053,-0.017669,-0.11439,-0.10476,0.037381,-0.12798,0.13793,0.13379,-0.038397,0.10736,-0.1174,0.058264,0.018554,-0.028236,-0.018737,-0.093729,0.058025,-0.095637,0.0021307,-0.069,0.0013405,-0.089827,0.057244,0.046091,-0.0066038
RB1CC1,0.12075,-0.0088393,-0.037336,0.043485,-0.037984,-0.11398,0.01954,0.072238,-0.014434,0.053564,0.095981,0.010229,0.0072088,0.00026378,0.15548,0.015763,-0.13533,0.046288,0.078561,0.024309,0.03589,-0.067203,0.033256,0.012088,0.18239,0.055567,0.16429,-0.03326,-0.05853,0.090885,0.081653,0.017818,-0.014303,0.041378,0.10584,-0.060966,-0.14607,0.030715,0.028289,-0.073923
RILP,0.054682,0.10987,0.14875,0.020601,-0.085007,0.061136,0.14939,-0.040248,-0.15333,0.074136,0.097414,-0.041085,-0.060635,0.066866,-0.075097,0.054509,-0.01778,0.0077554,-0.076272,0.013309,0.073511,-0.006264,0.041118,0.070468,-0.05917,-0.0036024,-0.019386,0.010142,-0.079095,0.052803,-0.072563,0.09302,-0.095664,-0.052772,0.032332,0.21857,-0.022324,0.0059658,-0.04125,-0.060727
RNASET2,-0.10655,-0.10966,-0.041757,0.041874,-0.042552,-0.031776,0.042913,0.0674,-0.067513,0.071336,-0.043949,0.011777,-0.0058145,0.084053,-0.012432,-0.093934,0.020451,0.056482,-0.011144,0.12404,-0.058597,-0.059727,-0.064353,0.0043516,-0.1102,-0.010896,-0.11946,0.094506,0.043372,-0.084895,0.032922,-0.021551,0.048067,0.048075,-0.024244,-0.10777,-0.040404,0.014952,0.010634,-0.073506
RNF152,-0.063399,0.043343,0.12601,0.13205,-0.11696,-0.11796,0.0079162,-0.0074781,0.032308,0.086926,-0.054451,0.071139,0.13527,-0.050742,-0.082202,0.13332,-0.18859,-0.26445,0.077575,0.034531,-0.054649,-0.015199,-0.23329,0.15996,0.068024,-0.0083102,0.016046,-0.050834,0.08081,-0.057706,0.094032,-0.034344,-0.0024141,0.022297,0.038485,0.15748,0.21053,-0.046326,0.038534,0.007761
RNF167,0.072302,-0.085445,0.10492,0.11803,0.11475,0.091419,0.045808,-0.016482,-0.076071,-0.050584,0.099736,0.052197,-0.027251,0.11233,0.11798,-0.025404,0.14758,-0.16657,0.058025,0.021832,-0.082691,-0.0024296,-0.047364,0.073351,-0.056749,0.15642,-0.025417,-0.048308,-0.1131,-0.18206,0.015745,0.14653,-0.10594,0.15578,0.067964,-0.017219,0.080213,-0.0096484,-0.19034,0.084618
RPS6KC1,0.091967,0.11876,0.010314,-0.045531,0.092842,0.0098465,0.14565,-0.02431,0.038138,0.015932,-0.060966,-0.11335,0.0050118,0.03426,0.06845,0.10548,0.02876,0.076761,0.079996,0.14997,0.10151,0.052382,-0.047525,-0.1762,-0.060822,-0.10237,-0.18239,-0.076267,-0.026908,0.046706,-0.020746,0.17779,0.0036173,-0.18324,0.27231,-0.031902,-0.033241,-0.053493,0.035847,-0.084175
RPTOR,0.1089,0.00066811,-0.07523,-0.0011536,0.084382,-0.15306,-0.017111,-0.0053032,0.06478,0.20998,0.0023162,-0.0060806,0.0095984,-0.075479,-0.062232,0.014572,0.10066,0.031257,-0.082479,0.029325,-0.025499,0.042494,-0.12738,-0.026285,0.10728,-0.093556,-0.031944,0.098953,0.015787,-0.033324,0.077067,0.058401,0.041488,0.078065,-0.0096388,0.052183,-0.041048,0.1498,-0.028603,0.013549
RRAGA,0.072108,0.065666,0.011073,0.13043,-0.063301,0.17117,-0.028325,0.10976,0.10805,-0.22881,-0.17708,0.033458,-0.098435,0.12448,-0.18616,0.18193,0.03942,0.012658,-0.17908,0.027817,0.11834,0.10539,0.062813,-0.12921,0.08357,0.0080538,0.053737,0.091258,0.037458,0.027946,0.09051,0.00068882,-0.031474,-0.12303,-0.053194,0.022741,0.10309,-0.069051,-0.12683,0.12389
RRAGB,-0.11403,0.0062168,-0.083246,0.083849,-0.017747,-0.050647,-0.048279,-0.1004,0.0041087,-0.085802,-0.070949,0.040969,-0.010516,-0.044437,-0.064858,0.07706,0.099629,0.063018,0.045961,-0.10583,0.028163,0.086269,0.014983,-0.043997,-0.022087,-0.035383,-0.079981,0.033537,-0.095614,-0.059816,0.11518,-0.0017893,0.061178,0.027568,0.016431,-0.027523,-0.042029,-0.030734,0.10509,-0.057992
RRAGC,-0.093435,-0.067147,0.072739,0.060829,-0.015671,0.13849,0.1281,-0.078824,0.070452,-0.097191,0.01727,-0.15025,-0.052043,-0.22561,0.13144,-0.031645,0.07197,-0.15666,-0.064311,0.10292,-0.070428,0.075528,-0.10912,0.1211,0.0031422,-0.021377,-0.020368,-0.029783,0.093382,-0.09633,0.05218,-0.073795,-0.0073176,-0.13862,0.040579,0.1686,-0.04722,0.079022,-0.15947,0.01685
RRAGD,0.061505,-0.16658,-0.10113,-0.045717,-0.027906,0.03361,0.033116,0.0090052,-0.022824,-0.058318,-0.12117,-0.005554,0.078738,-0.075251,-0.059227,-0.087657,0.024668,0.036045,0.029308,0.048743,-0.041332,0.018876,-0.050235,0.0054077,0.04183,-0.029643,0.020312,-0.032262,-0.04248,0.056099,0.032582,0.060485,-0.045093,0.03453,-0.058965,-0.15941,-0.022594,0.024811,-0.050249,-0.084
SCARB1,-0.11722,0.078214,-0.026477,-0.0073942,0.016576,-0.011623,0.082923,-0.010975,-0.026227,0.031981,-0.043474,0.071587,0.022799,0.024271,-0.060524,-0.13444,-0.019755,-0.040584,0.14839,-0.162,-0.043106,-0.16075,0.23503,0.013909,0.041654,0.028651,0.019561,0.087136,-0.062308,0.035152,0.063405,0.094891,-0.10764,0.016726,0.022934,-0.044945,0.11517,-0.028101,0.064071,0.039397
SGSH,-0.076933,-0.12011,0.0085673,0.07556,-0.090448,0.10105,-0.17784,-0.15317,0.018302,-0.0446,-0.041209,-0.016421,0.1082,-0.024193,0.058019,-0.049154,0.10375,-0.1069,0.052085,-0.0227,-0.058236,0.030924,-0.040507,-0.024783,0.11511,-0.12945,0.094758,0.0483,-0.011317,0.12343,-0.060355,0.096693,0.0065952,0.054338,0.12583,-0.0063458,-0.0061936,0.10096,0.025278,-0.045251
SIDT2,-0.10155,-0.060742,-0.034466,0.052357,0.14638,0.047797,0.036121,-0.050742,0.084984,-0.053808,0.011172,0.2104,0.0060507,0.064754,0.013293,-0.061198,0.019473,-0.012415,-0.24402,0.066788,-0.041799,0.11262,-0.032169,-0.11993,0.11341,0.06796,-0.020736,0.033586,-0.16314,0.0060132,0.03813,0.027932,0.059557,0.0091628,-0.10352,-0.078213,0.011496,-0.10197,0.059351,-0.033281
SLC38A9,0.023305,0.12192,0.1893,-0.0080869,-0.03388,0.012616,-0.088434,0.031393,0.037749,-0.095036,-0.087133,0.042053,0.15365,-0.06956,-0.031363,-0.065473,-0.0086601,0.15036,-0.013585,-0.12133,-0.047376,0.02421,0.11773,-0.084442,-0.058176,0.094618,0.10099,0.090917,0.12094,-0.14343,0.1371,0.053231,-0.039781,0.073473,0.090911,0.0001113,0.11711,0.075937,0.084096,-0.045336
SMPD1,0.064071,-0.13302,0.1074,0.10528,0.060099,0.0097623,0.041893,-0.081269,-0.0061026,-0.074907,-0.032771,0.051871,0.05721,0.099224,0.11075,0.090799,-0.023535,0.08833,0.046364,-0.15402,-0.093633,0.16142,-0.0069303,-0.080747,-0.086704,0.0068975,0.037268,-0.030253,0.21858,-0.096438,-0.17094,-0.049822,-0.064462,-0.023994,-0.0077631,0.030084,-0.079309,0.069634,0.017286,-0.12673
SNX1,-0.10712,0.044312,0.097053,-0.0099712,0.090923,-0.12564,0.04923,0.017637,-0.05274,0.066961,-0.078713,0.020398,-0.080436,-0.02564,0.021036,0.040971,-0.010246,-0.028409,0.096467,-0.030604,0.065877,-0.0056435,0.13724,-0.0795,0.026835,-0.025199,0.025953,-0.034299,0.040184,-0.015762,-0.026227,-0.021434,0.050157,-0.033135,0.039228,-0.073073,0.019571,0.1838,0.039955,0.055771
SNX14,0.11528,-0.020095,0.075285,0.09174,-0.041048,5.2015E-06,-0.07194,-0.00020621,0.0079074,-0.069136,0.031775,0.046184,-0.068975,-0.074272,0.02927,-0.048066,0.015146,-0.028034,0.14411,0.010859,0.036941,-0.069246,-0.072608,-0.045952,-0.065616,0.045028,0.091039,0.09559,0.0047185,-0.10096,-0.025148,-0.040622,0.063564,-0.15318,-0.0063169,-0.10754,0.1162,-0.076829,-0.05347,0.10295
SNX2,-0.1154,0.032914,-0.091407,0.068718,-0.043744,0.020172,0.064289,-0.0076487,0.016748,-0.045058,0.020141,0.017039,-0.0041778,0.026241,-0.075324,0.04355,-0.015648,0.059115,-0.0077701,-0.0001628,0.08846,0.083252,-0.070975,0.016006,0.078326,-0.018461,-0.061749,0.056441,-0.15241,-0.00067112,-0.067976,-0.028933,0.031568,-0.045402,0.21037,-0.17993,-0.16821,0.016169,0.033838,0.082433
SNX6,-0.019978,-0.15195,0.15959,0.033403,0.011662,-0.031871,0.075873,0.012638,0.15734,-0.015574,-0.051014,-0.008653,0.0227,-0.0054944,-0.05272,0.018267,-0.18331,-0.019007,-0.051471,-0.05259,0.10145,0.12066,0.04488,0.05472,-0.10193,0.0045204,-0.13797,0.022633,-0.018862,-0.039218,0.012673,0.046424,0.043817,0.03025,0.095587,0.094883,0.005929,0.0033046,-0.0078906,0.12852
SORT1,0.088346,0.091744,0.029815,0.020533,0.16295,-0.093958,0.13009,-0.047605,0.086973,-0.024206,-0.029663,0.019564,-0.096935,-0.068951,0.1195,-0.00045173,-0.080629,0.15044,-0.062695,-0.017601,0.041606,-0.017492,-0.051767,-0.15571,-0.022115,0.033687,-0.038702,0.1678,0.00083527,-0.11175,-0.13875,-0.082204,0.046241,-0.075005,-0.05194,0.14988,0.038036,0.026143,0.097854,0.078957
SRC,0.04656,0.14771,-0.04648,-0.052766,-0.026452,-0.0031345,-0.13701,0.12131,-0.012142,-0.1871,0.097164,0.20523,0.15901,0.11838,-0.089959,-0.090301,-0.24943,-0.06844,0.11543,0.24338,-0.22457,0.25479,-0.027162,0.022178,0.0097716,0.0058592,-0.0046568,-0.096653,0.025873,-0.14288,-0.019494,0.037568,0.075846,-0.054794,-0.032965,0.1392,-0.080398,0.076922,-0.044813,0.031079
STX7,0.023744,-0.11822,-0.045179,0.18767,0.054135,-0.10772,0.032574,-0.041106,0.17828,0.10904,-0.013967,-0.11466,0.072612,-0.12915,-0.1211,-0.092287,-0.20087,0.041108,0.13985,-0.055868,0.010086,0.19498,0.0034793,0.11305,-0.082807,0.027983,-0.050528,0.014659,0.04204,-0.0041967,0.10806,0.12902,-0.16787,0.065493,0.030609,-0.042034,-0.05507,-0.007312,0.14071,-0.071267
TMEM106B,-0.10649,0.099875,0.013136,0.048617,0.041808,-0.0075357,-0.11048,-0.06496,0.12562,-0.067499,0.0041443,0.058515,-0.0022815,0.039956,-0.072298,-0.00096597,-0.032039,0.045258,-0.010108,-0.053108,0.022499,0.13824,0.16035,0.019996,-0.092563,0.13173,0.014108,-0.052462,0.013971,0.033716,0.10878,-0.030274,-0.043648,0.11501,0.14818,0.10074,0.12367,-0.060259,-0.032157,-0.12977
TMEM175,-0.074017,0.056834,-0.05648,0.066533,-0.014057,0.10652,0.13455,0.21981,0.21532,0.28245,0.068578,-0.015637,0.14235,0.14847,-0.040053,-0.036881,0.062682,-0.10638,0.037714,-0.19839,-0.01137,0.047214,0.0028302,-0.025398,-0.080739,0.059959,-0.12122,0.17391,-0.072886,0.064703,0.045759,0.011476,-0.0024719,0.0048165,-0.11034,-0.064542,0.07559,0.007673,-0.039652,0.12216
TMEM192,0.086433,-0.072105,0.086908,0.062662,-0.012483,-0.072724,0.096037,0.10712,-0.010124,-0.15163,0.12419,-0.15324,-0.036583,-0.17012,-0.029113,0.10838,0.074519,-0.080232,0.14305,0.29922,-0.11154,0.13106,0.35646,-0.11041,0.022158,-0.12147,-0.18158,0.26629,-0.09089,0.12769,-0.039982,-0.040539,-0.11903,0.21861,-0.045499,-0.0093941,-0.003823,-0.094184,-0.0047762,0.033966
TMEM59,0.017994,-0.12158,0.19154,0.072893,-0.049315,-0.017947,-0.017864,0.005862,-0.015971,-0.038394,-0.091102,-0.0057842,-0.037701,-0.095532,0.016056,0.10319,0.11425,-0.062094,0.089942,-0.14334,-0.033135,-0.021439,-0.0075266,-0.058442,-0.022076,0.084294,-0.039391,-0.10545,-0.092049,0.048046,0.037018,0.10944,0.034127,-0.070915,-0.020336,0.010756,-0.060214,-0.034769,-0.019206,0.041571
TMEM9,0.078971,-0.14651,-0.046621,0.048455,-0.13041,-0.022306,0.035657,-0.04846,-0.043434,0.0053058,-0.02611,0.065841,-0.056457,-0.052411,0.009074,0.021355,0.06187,-0.041032,0.0031766,-0.021777,0.031407,-0.0059405,-0.022105,-0.0022231,0.0047723,0.19087,0.040505,0.001324,0.062601,-0.088201,0.08293,0.03998,0.16585,0.057825,-0.086396,0.10208,-0.027855,-0.19834,0.054959,-0.024026
TMEM97,-0.014836,0.10968,-0.12103,0.12201,0.078093,-0.18895,0.04542,0.14203,0.03792,-0.044595,0.0085037,-0.16655,0.020217,-0.21592,-0.10961,0.039188,0.012157,-0.14179,-0.15541,0.05166,-0.051594,0.045478,0.083142,0.017171,0.058482,0.10609,0.028288,-0.1091,0.063875,0.05984,0.059612,0.04318,0.15048,0.042793,0.053644,0.054694,0.15267,-0.042611,-0.040658,-0.093535
TPCN2,0.098817,-0.014633,-0.056289,-0.11785,0.081829,0.024897,0.096816,0.014529,-0.12713,-0.092112,-0.024535,0.18088,0.13765,-0.079618,0.18081,0.00044351,0.01909,0.018779,0.051469,0.068232,-0.024507,0.039029,-0.07153,0.085547,-0.091265,0.029841,-0.1209,0.18371,0.067211,0.038773,0.08198,0.14813,0.135,0.057322,0.12695,-0.10422,0.24001,-0.075537,0.12805,-0.092844
TPP1,-0.10351,-0.10084,0.043008,0.0004846,-0.054575,-0.061809,0.012266,-0.03131,-0.048831,0.055313,0.057459,-0.21362,-0.0093636,0.11361,-0.14049,-0.045859,0.090176,0.079647,0.055914,0.038965,-0.1844,0.02034,0.029974,0.0038929,0.15059,-0.15279,0.036589,-0.15049,-0.0287,-0.076818,0.12948,-0.024985,0.088162,-0.10156,-0.17354,-0.011465,0.059267,0.027829,0.0061157,-0.11786
TRPM2,0.086466,0.10371,0.039751,-0.10079,0.022978,0.11027,0.15957,-0.1055,-0.11584,0.0067312,-0.0008949,0.033866,0.08372,0.018221,-0.083848,0.083054,0.019651,0.02101,0.049886,0.10432,-0.046556,-0.0233,0.049832,0.024642,-0.055532,0.034014,0.046616,-0.13301,-0.073196,-0.080467,0.0035673,-0.082313,0.078226,-0.096625,-0.1072,0.083038,-0.083311,0.028567,0.062667,0.084892
TSC2,0.11579,-0.08909,0.025494,-0.0042401,0.027667,0.023669,0.024646,0.021373,-0.049741,0.031376,-0.045812,0.10119,0.061527,0.054065,-0.11283,0.014135,0.10149,0.0022798,0.18299,-0.0032107,-0.052137,0.086482,0.082144,0.05132,0.057949,0.20611,-0.017716,0.013469,0.045644,-0.063301,-0.042399,0.11423,-0.030609,0.0064048,0.15211,0.080963,-0.10977,-0.010211,0.054576,-0.14489
UNC13D,-0.10454,0.067656,0.10747,-0.025998,0.067086,0.0089067,-0.036739,0.045642,0.016486,0.047893,-0.07963,0.011518,0.017188,0.036095,0.0743,0.051511,0.06242,-0.011648,0.24909,0.067132,0.021752,-0.099316,0.029799,0.10083,-0.16977,0.041213,0.19714,0.011066,-0.065047,0.063338,-0.18266,-0.060208,-0.014764,-0.0037486,-0.17605,-0.09448,0.048255,-0.16857,0.049093,0.0042262
VMA21,-0.11732,0.00041406,-0.033133,0.073521,-0.022263,-0.054447,-0.058987,-0.16052,-0.042512,-0.015471,0.041749,-0.065523,-0.089189,-0.092526,-0.06076,0.080849,0.024128,0.12658,0.062183,0.02554,0.0017302,0.23108,-0.012963,0.10263,-0.090622,-0.047955,0.024417,0.046579,0.093639,0.13709,-0.08058,0.0040995,-0.070951,-0.10359,-0.13676,-0.024133,0.054433,-0.13711,0.051344,0.14409
VOPP1,-0.080211,-0.029102,0.037841,0.15155,-0.0034873,-0.036684,-0.11912,0.17838,0.085577,-0.053062,-0.04175,-0.18703,0.21877,0.11849,0.29847,-0.093915,-0.088388,-0.0020948,-0.058022,-0.059602,-0.022263,0.041479,-0.027342,0.069533,-0.071112,0.18059,-0.053664,0.062819,-0.045837,-0.015464,-0.049521,-0.0058201,0.057545,-0.10071,-0.10342,-0.0025653,-0.13004,0.031863,-0.046916,0.0079133
VPS11,-0.047816,0.19087,0.020255,0.059163,0.049002,-0.00016803,-0.018697,-0.027483,-0.045377,0.046642,-0.10925,-0.065443,-0.037413,0.048781,0.1054,-0.187,0.050829,-0.010195,0.049537,0.06465,0.021687,0.065116,0.047699,0.16952,0.013507,-0.0074904,-0.091659,0.0022301,0.21772,-0.015397,-0.0013977,0.11646,-0.10237,-0.030577,-0.075112,-0.062969,-0.09049,0.029473,0.069433,-0.018254
VPS13C,0.089799,-0.057177,0.12047,-0.098738,-0.052235,-0.13094,-0.014571,0.040131,0.11466,-0.042098,0.030315,0.062075,0.034154,-0.027127,0.05968,0.037765,-0.0232,0.025406,0.079492,-0.059237,0.056458,-0.0068997,0.0038226,-0.048335,0.20577,0.04341,0.099293,0.045912,-0.041502,-0.054659,0.23228,-0.14073,-0.0046712,0.030227,0.024038,-0.019685,-0.07457,-0.064072,-0.048052,0.091228
VPS16,0.11831,-0.04107,0.026165,0.10163,-0.020834,-0.053238,-0.011512,-0.074371,0.013183,-0.087886,0.012624,0.053009,-0.060743,0.039062,-0.035079,0.035491,-0.048367,0.05943,-0.064428,-0.058731,0.036008,-0.077926,-0.024971,0.045842,-0.062595,0.039293,-0.088573,0.085127,0.040609,-0.0061406,-0.089282,-0.023842,0.0097652,0.032888,-0.13601,-0.064541,0.074904,0.052404,-0.14662,0.068696
VPS18,-0.00447,0.066091,0.091562,0.19367,0.15603,0.11124,0.0506,0.010221,-0.06162,-0.045204,0.083513,0.0043486,-0.17168,0.01043,-0.047717,-0.25846,-0.036624,-0.037369,0.090496,-0.088456,0.072673,0.17062,-0.045321,0.054265,0.050272,-0.22521,0.041361,0.012208,-0.0043507,-0.077942,0.088223,-0.044223,-0.069034,0.081056,0.088159,0.077223,-0.048823,0.090151,-0.025932,0.073795
VPS26A,0.064544,-0.057128,0.033269,-0.0058043,-0.17052,-0.06148,0.26642,-0.10439,0.11228,-0.14507,-0.18139,0.040443,0.017849,-0.071358,-0.024702,-0.069977,-0.12429,-0.063895,0.0040957,-0.034823,0.19901,-0.17103,0.11512,0.13717,0.04964,-0.13118,0.081406,0.069101,-0.044591,0.056143,0.048888,-0.065749,0.023425,0.016099,0.0013605,-0.014231,-0.086506,-0.045415,0.032139,-0.071024
VPS33B,0.11393,-0.029472,-0.044676,0.093395,0.036041,0.064175,-0.054139,-0.015272,-0.012045,0.13657,-0.12669,0.045717,-0.088345,-0.048414,0.070791,-0.10871,-0.011748,0.052539,-0.12033,0.027272,0.017247,0.094148,0.067326,-0.0043416,0.019855,0.14896,-0.066636,0.093634,0.039399,0.0031482,-0.14641,-0.067663,0.13538,0.081762,0.065599,-0.056517,0.024674,0.010265,0.10083,0.0011286
VPS35,-0.0026418,0.022015,-0.023558,0.25656,-0.030145,0.1647,0.13931,-0.10816,-0.05252,-0.086756,-0.072428,-0.028995,0.017775,-0.039266,-0.02624,-0.016603,0.012066,0.022666,-0.077578,0.099065,0.0011124,-0.12324,0.0015302,0.03406,0.0056655,-0.011552,-0.054076,0.098802,0.0055113,0.077208,0.051961,0.041003,-0.016218,0.040209,-0.06513,0.19194,-0.10194,-0.062674,0.03695,0.18173
VPS41,0.1296,-0.017467,-0.024411,-0.004089,0.013546,-0.047725,-0.051285,0.0077639,0.062865,-0.029505,-0.039474,-0.0060021,0.060445,-0.081738,-0.055632,0.049305,0.014158,0.0031329,0.037707,0.033042,-0.01623,-0.01974,-0.017828,0.046426,0.025423,-0.019911,0.028036,0.013291,-0.014252,-0.11684,-0.016539,-0.050815,-0.086918,-0.025707,-0.1179,-0.030044,-0.006541,0.016907,-0.062619,-0.033453
VPS4A,0.037372,0.16633,0.0018749,0.050981,0.15671,-0.018058,-0.034697,0.067458,-0.14487,-0.12275,-0.05649,-0.033346,0.027612,0.046791,-0.094613,0.00049726,0.19479,0.0037856,-0.19337,-0.092143,-0.028541,0.092619,-0.049089,0.02438,-0.088252,-0.1202,0.11931,-0.0029245,0.054726,0.055675,0.14836,0.035413,-0.13842,-0.043183,-0.17706,-0.13051,-0.1026,-0.10334,0.19866,-0.12761
WDR45B,-0.056636,-0.15545,0.0064995,-0.019431,0.031847,-0.23636,0.018739,0.0098971,0.15454,-0.080864,0.011568,-0.049471,-0.033239,0.039166,0.014455,-0.028648,0.039087,0.0063103,-0.14373,0.086932,-0.0013909,0.015243,0.066227,-0.041672,-0.018394,-0.0099683,0.23396,-0.061816,0.20371,-0.078483,-0.08606,0.13064,0.033084,0.2006,-0.097673,-0.13716,0.020373,-0.076155,0.036116,0.06377
ZFYVE26,-0.073616,0.083314,0.10461,-0.13391,0.040831,0.059172,-0.16186,0.019396,0.096521,-0.033504,0.041815,-0.062559,0.060722,0.0045647,0.12845,0.064634,-0.029272,0.13196,-0.11064,-0.021616,0.01768,-0.020175,0.02914,0.09252,0.07686,-0.043973,-0.18876,-0.071738,-0.010086,0.035207,0.077111,0.05609,0.020292,0.079516,0.011084,-0.024475,0.013872,0.16166,-0.053251,-0.091546
