,risk gene,clearance gene,correlation,t
4594616,TNF,IFITM1,0.796015525454613,602
2019070,HOXB7,NKG7,0.796016756354532,252
4594617,PTHLH,IFITM1,0.796017082860887,418
4594618,TIAM2,IFITM1,0.796017159633497,462
4594619,CKS2,IFITM1,0.79601717303553,524
4594620,TMEM161B,IFITM1,0.796017390288587,514
4594621,ZNF629,IFITM1,0.796017408032918,498
7626424,DTWD2,NEU4,0.796017978865204,304
2630512,DCN,PLA2G5,0.796018476484027,412
1980100,ELOVL2,GNLY,0.796019570971834,411
4594622,USP5,IFITM1,0.796020324486757,449
4594623,NPPA,IFITM1,0.796020427855182,408
4594624,PRKAB2,IFITM1,0.796020807514162,365
4594625,FGF14,IFITM1,0.796021003059935,430
4842339,RALGDS,VPS13C,0.79602193937307,333
4594626,SH2B1,IFITM1,0.796022081231946,426
2019071,TNFAIP8,NKG7,0.796022132441537,272
4594627,KCTD2,IFITM1,0.796022563385469,379
4594628,MMACHC,IFITM1,0.796023111934639,462
2019072,SDS,NKG7,0.796023957776854,234
4594629,NXPH2,IFITM1,0.796024497578757,482
2019073,XCR1,NKG7,0.796024632430854,242
4594630,ECSIT,IFITM1,0.796025410966255,477
4594631,GPM6A,IFITM1,0.796026343417095,404
4594632,TSPAN14,IFITM1,0.796026362420057,364
1980101,GAMT,GNLY,0.796027604397243,379
2630513,DOPEY1,PLA2G5,0.79602799419386,412
4594633,DTX2P1_UPK3BP1_PMS2P11,IFITM1,0.796028511661753,422
2630514,ZNF440,PLA2G5,0.796030852216243,420
4594634,CHRM2,IFITM1,0.796031612372146,420
4594635,SNX9,IFITM1,0.79603181783839,587
379885,SNRNP27,CLN5,0.796031839822771,676
2019074,AP1G1,NKG7,0.796032166801545,255
4594636,PIP5KL1,IFITM1,0.796033524285279,619
4594637,HDAC8,IFITM1,0.796033557993517,468
2630515,CORT,PLA2G5,0.796034685433335,411
2630516,JAK2,PLA2G5,0.796034689255354,421
4594638,TRIM45,IFITM1,0.796037837163661,356
4594639,GOT2,IFITM1,0.796038435810837,455
1980102,ZNHIT1,GNLY,0.796038483947966,393
4594640,OCEL1,IFITM1,0.796038870406037,515
1980103,UBN2,GNLY,0.796039152160985,410
4594641,ANP32A_IT1,IFITM1,0.796040485392054,610
379886,PGM1,CLN5,0.796040885740754,666
4594642,CIT,IFITM1,0.796041194899838,538
2019075,MAMLD1,NKG7,0.796041587211163,243
1980104,IFI44,GNLY,0.796041643331623,424
4594643,KPNA4,IFITM1,0.796042631699707,492
4594644,C9orf3,IFITM1,0.796042698316052,492
2630517,YWHAZ,PLA2G5,0.796046363138153,360
4594645,RTKN2,IFITM1,0.796046413525535,488
4594646,GABRG2,IFITM1,0.796047265151908,529
4594647,AASDH,IFITM1,0.796047418501881,390
4594648,ATG7,IFITM1,0.79604786604355,414
4594649,FAM49B,IFITM1,0.796049135665045,543
4594650,STARD5,IFITM1,0.796049416013651,584
4594651,EIF1AX,IFITM1,0.7960495957586,473
2630518,GNAL,PLA2G5,0.796050313231472,411
4594652,FKBP15,IFITM1,0.796050493603449,499
4594653,MYO19,IFITM1,0.796052443342356,412
1980105,CTAGE11P,GNLY,0.796052919443516,395
379887,DTYMK,CLN5,0.796053370847953,778
2630519,FAIM,PLA2G5,0.796053878383454,425
952322,CRYL1,DRAM2,0.796054655126892,361
952323,TMEM209,DRAM2,0.796054723513141,369
1980106,DIO3OS,GNLY,0.796054755372172,458
379888,DLEU1,CLN5,0.796055337757603,865
1980107,RASL11A,GNLY,0.796058096534047,465
2630520,CEP97,PLA2G5,0.796058099647591,476
1980108,MXRA8,GNLY,0.796059568844361,414
952324,TBX2,DRAM2,0.796060082637207,464
4594654,OSBPL3,IFITM1,0.796060834981663,561
2630521,TERF2IP,PLA2G5,0.79606193071013,397
4594655,PPP1R12A,IFITM1,0.796064012400338,451
1980109,UNC5C,GNLY,0.796064162003852,438
4594656,DHX35,IFITM1,0.796065975226756,585
4594657,ACTR1B,IFITM1,0.796066958440172,441
4594658,ELMOD3,IFITM1,0.796067065345018,569
4594659,PREP,IFITM1,0.796067169193378,432
4594660,FAM102B,IFITM1,0.79606718486404,455
379889,COPS6,CLN5,0.79606790406172,708
379890,LIPA,CLN5,0.796068023604452,855
4594661,ZFR2,IFITM1,0.796068638722348,414
1980110,TNFRSF1A,GNLY,0.796068781806993,325
2630522,KIAA1841,PLA2G5,0.796070582542219,430
4594662,TPX2,IFITM1,0.796070928983824,424
4594663,PEX14,IFITM1,0.796071064462561,444
4594664,KCNAB3,IFITM1,0.796072082031694,554
379891,NSFL1C,CLN5,0.796073054809872,668
2630523,IL17RA,PLA2G5,0.796075159135191,429
2019076,HEBP2,NKG7,0.796075226119538,253
4594665,ZNF8,IFITM1,0.796075769436789,438
4594666,SLC25A41,IFITM1,0.796075795855263,496
4594667,PKD2L1,IFITM1,0.796076330751853,409
4594668,TUBA1B,IFITM1,0.796076424017529,414
4594669,ZNF143,IFITM1,0.796076440527272,582
4594670,ARHGAP9,IFITM1,0.796078352965653,585
1980111,C22orf15,GNLY,0.796078376724263,395
2630524,RIOK1,PLA2G5,0.796079841342823,452
379892,ZNF83,CLN5,0.796080970309378,774
4842340,COX7A1,VPS13C,0.796081745575767,339
1980112,BTN3A1,GNLY,0.796082197785395,433
7860656,CENPJ,PRDX5,0.796082728922001,460
7626425,SORCS1,NEU4,0.796083646428829,257
4594671,EI24,IFITM1,0.796085605054392,363
4594672,ZADH2,IFITM1,0.796086400696539,472
4594673,RAP2A,IFITM1,0.796087798917066,417
4594674,SYT14,IFITM1,0.796087953386987,478
2630525,CAPRIN2,PLA2G5,0.796087980144008,407
2630526,ZNF81,PLA2G5,0.796089325534141,451
4594675,TRO,IFITM1,0.796092097316137,423
379893,PTCH1,CLN5,0.796092171134813,680
4594676,MYO1E,IFITM1,0.796092239241394,647
4594677,CROCCP2,IFITM1,0.796092751343057,568
4594678,ERBB3,IFITM1,0.796092965687161,545
4594679,JAZF1,IFITM1,0.796093046357701,415
4594680,PID1,IFITM1,0.796093955841822,421
4594681,GFOD2,IFITM1,0.796094674490328,478
4594682,C19orf25,IFITM1,0.796094864077117,470
4594683,DSP,IFITM1,0.796095998511231,363
4594684,LRRC8B,IFITM1,0.796096556959282,385
4594685,UNC119,IFITM1,0.796096999156419,476
2630527,ZBTB25,PLA2G5,0.79609844652997,467
379894,ALDH4A1,CLN5,0.796100137111834,666
952325,SOX8,DRAM2,0.796100344390555,368
379895,APAF1,CLN5,0.796101867452262,498
379896,FZD8,CLN5,0.796101877791732,548
4594686,CHL1,IFITM1,0.796102103523425,377
1980113,RAVER1,GNLY,0.796102926792967,414
4594687,LENG8,IFITM1,0.796103666266847,424
4594688,SEC14L5,IFITM1,0.796104691508868,590
2019077,IGSF9,NKG7,0.796105462870265,243
4594689,LOR,IFITM1,0.796105608279096,393
4594690,TOX3,IFITM1,0.796105947924159,412
1980114,SRBD1,GNLY,0.796106935119117,444
1980115,FBXO30,GNLY,0.796107953849604,435
4594691,CCND2,IFITM1,0.796107979428417,402
4594692,STRN,IFITM1,0.796108912784701,649
2630528,PSPN,PLA2G5,0.79610936182778,415
4594693,KCNS2,IFITM1,0.796109443500821,440
4594694,AP1S1,IFITM1,0.796109570897138,416
379897,RYBP,CLN5,0.796111133151809,691
2630529,NMNAT1,PLA2G5,0.796111433543428,399
952326,PNRC1,DRAM2,0.796112532277041,360
2019078,DNAJB4,NKG7,0.796113812930425,257
379898,DTNBP1,CLN5,0.796114299728215,663
2019079,ZNF763,NKG7,0.796114621149048,255
2019080,AUTS2,NKG7,0.796115351869699,246
7626426,KIAA2013,NEU4,0.796116285721377,269
4426027,SDR16C5,LMBRD1,0.79611628588134,313
4594695,TBC1D16,IFITM1,0.796117712357386,566
2019081,PI4K2B,NKG7,0.796118053216182,247
4594696,LIN9,IFITM1,0.796118676758384,569
4594697,PPP1R3F,IFITM1,0.796119970945698,454
7860657,ARL4A,PRDX5,0.796120006799082,438
2019082,KRTAP5_7,NKG7,0.796121158385373,268
4594698,TBC1D22B,IFITM1,0.796122305808551,400
7626427,SMAP1,NEU4,0.796122850833365,282
2019083,GPR156,NKG7,0.796124344061724,240
1980116,ASCC3,GNLY,0.796125365791221,399
4594699,SLIT2,IFITM1,0.796127326748764,483
1980117,CCND1,GNLY,0.796128065575015,448
1980118,JOSD2,GNLY,0.796129803682816,419
379899,FAM129B,CLN5,0.796130515330863,657
3059970,SCML1,MITF,0.796130746153975,298
4594700,ENSA,IFITM1,0.796131506370106,412
2630530,MAP6,PLA2G5,0.796131554566697,380
7626428,VPS4A,NEU4,0.796132573063747,296
952327,PDE11A,DRAM2,0.796132845203287,400
1980119,PODXL,GNLY,0.796133068606684,440
4594701,KCNC1,IFITM1,0.796133106731409,537
2630531,SPOCD1,PLA2G5,0.796133402394927,548
4594702,BCAR1,IFITM1,0.79613352476602,452
2630532,C2CD2L,PLA2G5,0.796133531080822,376
1980120,WASF2,GNLY,0.796134232367624,396
4594703,MED23,IFITM1,0.796137673260341,419
952328,RND2,DRAM2,0.796139209115742,378
1980121,C4orf48,GNLY,0.7961405279017,403
4594704,CHAF1A,IFITM1,0.796144164871825,504
2630533,SLC30A5,PLA2G5,0.796144766932017,452
4594705,VDAC1,IFITM1,0.796144921324107,422
2630534,TRRAP,PLA2G5,0.796145420760907,437
4842341,FANCG,VPS13C,0.796148119300354,312
4594706,ACTR2,IFITM1,0.79614951423227,378
379900,WDR48,CLN5,0.796149984668383,715
4594707,TAF13,IFITM1,0.79615093266053,514
4594708,GTF3C3,IFITM1,0.796152349531863,654
4594709,TMEM160,IFITM1,0.796153141714535,438
4594710,ACP1,IFITM1,0.79615450215492,421
3059971,TST,MITF,0.79615648436709,312
4594711,CHRM3,IFITM1,0.796156929175021,405
7626429,MKL1,NEU4,0.796157354871991,254
4594712,FUT5,IFITM1,0.796157676765697,452
4594713,CLSTN3,IFITM1,0.7961584066483,375
4594714,RNF11,IFITM1,0.796162081772774,420
4594715,ADRA2A,IFITM1,0.796163674588434,492
4594716,JRK,IFITM1,0.79616390114824,464
4594717,GRAMD4,IFITM1,0.796164369940932,423
4594718,MADD,IFITM1,0.796167300791369,393
2630535,WNK2,PLA2G5,0.796167743965211,423
379901,NAGK,CLN5,0.796169344749409,544
2630536,DDX5,PLA2G5,0.796169462668247,428
4594719,MLLT11,IFITM1,0.796169556081902,420
4594720,IDE,IFITM1,0.79617067128901,560
2019084,GGT3P,NKG7,0.796174950075453,254
2019085,ZNF703,NKG7,0.796174951475751,231
4594721,BCL9L,IFITM1,0.796176106666784,420
4594722,YPEL4,IFITM1,0.796176590707309,460
379902,SLC39A12,CLN5,0.796177076336739,620
4594723,KRAS,IFITM1,0.796177505704558,429
4594724,DUS1L,IFITM1,0.796178040127096,513
7626430,SSBP3,NEU4,0.796178098283963,248
2019086,EPHX3,NKG7,0.796180255790858,253
379903,L3MBTL4,CLN5,0.796180875995995,577
4594725,PPM1G,IFITM1,0.796182831358288,434
2630537,KLK12,PLA2G5,0.796184621284326,391
4842342,LIMK1,VPS13C,0.796185198034776,348
1980122,HNRNPF,GNLY,0.79618740583913,480
4594726,VAV3,IFITM1,0.796188730670902,567
4594727,SORBS2,IFITM1,0.796189170897595,394
4594728,ZNF567,IFITM1,0.796190673173069,508
2630538,CAPN7,PLA2G5,0.796191497929359,446
2019087,BTG1,NKG7,0.796191966301465,231
379904,CCL19,CLN5,0.796193043238895,646
5050507,ISG20L2,GLB1,0.796193239612302,401
2019088,KRT3,NKG7,0.796194333865043,266
4594729,DFFB,IFITM1,0.796194535930029,510
4594730,COL21A1,IFITM1,0.796196732031684,437
1980123,NVL,GNLY,0.796198945513091,1818
1980124,REST,GNLY,0.79619942519075,404
2630539,HIST1H1E,PLA2G5,0.796200055576771,428
4594731,B3GALT2,IFITM1,0.796200583300756,397
4594732,CDK10,IFITM1,0.796200959461957,398
4594733,COX7A1,IFITM1,0.796201495502445,376
4594734,SYNGR4,IFITM1,0.796202608236972,414
1980125,GLRX3,GNLY,0.796204083575458,435
379905,CKS1B,CLN5,0.796204199174198,588
4594735,MRPS5,IFITM1,0.796205297835352,536
2019089,HTR2C,NKG7,0.796205432809942,220
4594736,WDR62,IFITM1,0.796206126245691,406
7626431,GRM8,NEU4,0.796206389666057,233
4594737,SART3,IFITM1,0.796206695209042,363
4594738,CRELD1,IFITM1,0.796207091296936,435
4594739,UBA1,IFITM1,0.796208172150646,422
4594740,KCNMA1,IFITM1,0.79620864558152,401
4594741,OR5B17,IFITM1,0.79621142133602,517
379906,ADCY7,CLN5,0.796211446719531,659
2630540,ZCCHC10,PLA2G5,0.796212855427426,429
1980126,SLC25A13,GNLY,0.79621306785912,443
2019090,TMEM167A,NKG7,0.796213766389575,244
2630541,RNF19B,PLA2G5,0.796216313757855,437
4594742,SHC3,IFITM1,0.796216562346908,370
2630542,RXRA,PLA2G5,0.796219270251959,376
952329,RAB3IL1,DRAM2,0.796219639958984,396
4594743,KHDRBS3,IFITM1,0.796219862474178,402
4594744,LRRC37A4P,IFITM1,0.796222313020206,493
4594745,HDAC4,IFITM1,0.796223211943173,487
4594746,HPRT1,IFITM1,0.796223572499755,380
2630543,KRT85,PLA2G5,0.796224353576033,462
4594747,ESRRG,IFITM1,0.796224455223132,599
4594748,SGIP1,IFITM1,0.796225104177406,567
4594749,ZNF263,IFITM1,0.796225509367701,465
4594750,SMPX,IFITM1,0.796228373774265,473
4594751,CARS2,IFITM1,0.796228864575841,522
3059972,TAF1A,MITF,0.796229969119701,313
4594752,SMPDL3A,IFITM1,0.796230068874353,405
4594753,CENPV,IFITM1,0.796230199074804,372
7626432,PPP2R2C,NEU4,0.796231328002872,262
2630544,RNGTT,PLA2G5,0.796232352920958,404
4594754,GBA,IFITM1,0.796232367334487,428
1980127,PATZ1,GNLY,0.796239523954496,412
2019091,ATPAF1,NKG7,0.796240663705697,247
4594755,LRRTM3,IFITM1,0.79624325801338,378
4594756,NR2F1,IFITM1,0.796244566747173,393
4594757,KCNA2,IFITM1,0.796246997109043,549
2630545,HNRNPH2,PLA2G5,0.796247180729901,407
4594758,BEND5,IFITM1,0.796247207001715,462
1980128,CYP4B1,GNLY,0.796247633661273,442
4594759,CABP1,IFITM1,0.796247685734332,463
4594760,SIRT5,IFITM1,0.796247817208572,365
4594761,TACC2,IFITM1,0.796247890279242,400
4594762,ZMIZ2,IFITM1,0.796248405844597,356
4594763,ATG13,IFITM1,0.796249349580847,493
7860658,TUSC1,PRDX5,0.79624955680964,442
379907,GPC6,CLN5,0.796251519433019,658
4594764,RRAGD,IFITM1,0.796251757116665,342
2019092,EDIL3,NKG7,0.796251868523252,258
4594765,SERINC3,IFITM1,0.796252635098377,449
379908,UMPS,CLN5,0.79625265890283,652
4594766,SOCS5,IFITM1,0.796252715076833,567
4594767,NRGN,IFITM1,0.79625286357856,478
4594768,OLFML2A,IFITM1,0.796253575422639,476
4594769,GPR137,IFITM1,0.796253754680629,466
4594770,CAMKK1,IFITM1,0.796253945248388,403
2019093,CA8,NKG7,0.79625460606826,225
4594771,RAB40C,IFITM1,0.796255062207769,397
4594772,DNAJC7,IFITM1,0.796255794668041,378
4594773,ZNF12,IFITM1,0.796255949967512,402
4594774,FIGNL2,IFITM1,0.796257164189459,419
4594775,PLEKHM3,IFITM1,0.796257365171301,454
4594776,ARF5,IFITM1,0.796257871608321,440
4594777,LGMN,IFITM1,0.796257871654701,457
1980129,CCDC102B,GNLY,0.796259715434717,414
4594778,DOCK3,IFITM1,0.796259898855568,395
4594779,PCYT2,IFITM1,0.796261274909909,442
2630546,CSNK2A1,PLA2G5,0.796262180321941,411
2630547,EIF2A,PLA2G5,0.796262360009771,459
2630548,FAM172A,PLA2G5,0.79626258223914,372
4594780,DUSP11,IFITM1,0.796262646729611,442
379909,CHRDL1,CLN5,0.796263978799491,581
2630549,TP53BP1,PLA2G5,0.796265492488544,371
4594781,IKBKG,IFITM1,0.796265860262084,487
4594782,SLC17A6,IFITM1,0.796265962174193,410
379910,DLL3,CLN5,0.796266561791283,524
4594783,ZNF304,IFITM1,0.796266975896982,505
4594784,ZCCHC4,IFITM1,0.796267044638981,628
4594785,PPME1,IFITM1,0.796267474878884,414
4594786,FBXW5,IFITM1,0.796267568340484,428
4594787,ZNF419,IFITM1,0.79626805813823,466
4594788,ZNF425,IFITM1,0.796270676347236,490
2019094,CTRC,NKG7,0.796270808122834,254
7626433,TCF20,NEU4,0.796271763789666,231
2630550,HMGN3,PLA2G5,0.796271837477065,416
1980130,SLC22A18AS,GNLY,0.796272669452496,447
7626434,BDKRB2,NEU4,0.796272788935324,227
4594789,FBXO38,IFITM1,0.796274236800754,458
2630551,PPP1R2,PLA2G5,0.796275355312524,397
4594790,TFB2M,IFITM1,0.796275751955402,555
7626435,SNAP91,NEU4,0.796276127400452,279
2630552,SCYL2,PLA2G5,0.79627661276555,414
1980131,MAPK7,GNLY,0.796278198493755,417
7626436,SLC38A11,NEU4,0.796278241746067,299
4594791,ABCA10,IFITM1,0.796278338210062,480
1980132,RDX,GNLY,0.796278662659183,430
2630553,RIN1,PLA2G5,0.796279334996602,379
4594792,FBLN7,IFITM1,0.796279600683915,485
1980133,TMEM123,GNLY,0.796280073600828,410
379911,SLCO1A2,CLN5,0.796281541219531,680
4594793,PIK3R4,IFITM1,0.796282213185433,467
4594794,CSRNP2,IFITM1,0.796282937302797,448
4594795,SLC22A10,IFITM1,0.796283231425103,323
2630554,GDPD3,PLA2G5,0.796283982392765,404
2019095,CA12,NKG7,0.796285064989953,250
4594796,MAPK8,IFITM1,0.796285607789945,381
4594797,ATG4D,IFITM1,0.796286254981527,526
4594798,NUDCD1,IFITM1,0.796286628337404,429
4594799,TPRG1L,IFITM1,0.796288359962854,394
4594800,USP27X,IFITM1,0.796288627734054,437
2630555,PCGF2,PLA2G5,0.796288923438143,442
2019096,AVEN,NKG7,0.796289963122274,277
4594801,SRSF8,IFITM1,0.796290128731601,518
4594802,SYNCRIP,IFITM1,0.796293420766703,476
1980134,ASF1A,GNLY,0.796293783538122,424
1980135,LMNA,GNLY,0.796294305863951,415
2630556,AVIL,PLA2G5,0.796294503504731,414
2019097,ZNF717,NKG7,0.79629730147177,252
952330,CHSY1,DRAM2,0.796298176112101,480
4594803,EXOSC10,IFITM1,0.796298288826006,376
4594804,UBE3B,IFITM1,0.796298633430832,437
4594805,NT5M,IFITM1,0.796299441236347,516
7860659,GLP2R,PRDX5,0.796300193008729,422
4594806,RAF1,IFITM1,0.796300714596946,444
4594807,INTS10,IFITM1,0.79630116187966,368
2630557,NFIB,PLA2G5,0.796301444024323,373
7626437,ADAM11,NEU4,0.796302115294349,274
4594808,ENPP5,IFITM1,0.796302718619121,481
4594809,EYA3,IFITM1,0.796303587407253,525
4594810,DEPDC5,IFITM1,0.796303647590467,496
7860660,UBE2Q2P1,PRDX5,0.79630367358135,460
2630558,UBQLN2,PLA2G5,0.796304564804464,406
4594811,GSK3A,IFITM1,0.796305223575406,448
4594812,GABRA1,IFITM1,0.796305345134639,474
4594813,SHROOM2,IFITM1,0.796305447219904,491
4594814,ETV6,IFITM1,0.796306276861757,521
4594815,MCM4,IFITM1,0.796306841379455,371
4594816,RAD51C,IFITM1,0.796306849848474,434
4594817,PTPRK,IFITM1,0.796307601847807,490
952331,NDUFB7,DRAM2,0.796307855136752,365
4594818,UBA5,IFITM1,0.796308445545814,362
4594819,TNFRSF11B,IFITM1,0.796308536682262,428
1980136,ANKRD53,GNLY,0.796311309255607,414
4594820,SIRT4,IFITM1,0.796312861853024,509
952332,ZFP36L1,DRAM2,0.796313144035792,350
4594821,CACNG2,IFITM1,0.796314411293912,510
2630559,FAM120B,PLA2G5,0.79631441197834,511
2019098,LARS,NKG7,0.796315145534534,250
4594822,COG2,IFITM1,0.796316350527554,541
4594823,PLCXD1,IFITM1,0.796317920299018,420
4594824,AIDA,IFITM1,0.796318446178124,457
7626438,KCND3,NEU4,0.796320265560818,266
7626439,DNASE1L2,NEU4,0.796322310777373,292
4594825,L1TD1,IFITM1,0.796322882148391,439
4594826,CBY1,IFITM1,0.796324729716411,385
4594827,STX3,IFITM1,0.796325621052477,425
2630560,CHCHD3,PLA2G5,0.796326768336909,423
4594828,PSPC1,IFITM1,0.796328495502601,466
4594829,FAM89B,IFITM1,0.796328627701239,398
952333,ACTL6A,DRAM2,0.796328891077309,395
4594830,CHAF1B,IFITM1,0.79633171134399,332
7626440,DSCAM,NEU4,0.79633256934479,309
4594831,JAKMIP3,IFITM1,0.796333205831235,605
2630561,ZNF496,PLA2G5,0.796333238352249,415
4594832,NEGR1,IFITM1,0.796333345492174,465
4594833,LEO1,IFITM1,0.796335576100362,518
4594834,PANK4,IFITM1,0.796335715865963,379
2630562,PFDN6,PLA2G5,0.796335861668932,384
4594835,FGF17,IFITM1,0.796336035107039,449
4594836,SNX8,IFITM1,0.796336202239415,413
4594837,IRS1,IFITM1,0.796336580030583,515
4594838,UCP3,IFITM1,0.796337121958506,589
4594839,QTRT1,IFITM1,0.796337324065648,427
4594840,DND1,IFITM1,0.796337996632272,619
7626441,INCENP,NEU4,0.796338996322022,242
4594841,SYNE1,IFITM1,0.796339641886816,447
4594842,NCOA5,IFITM1,0.79634026623491,434
4594843,TCTA,IFITM1,0.796344329247582,421
4594844,GGA3,IFITM1,0.796344449499943,364
1980137,HLA_DOB,GNLY,0.796345508274346,459
1771987,LRRC42,HPS4,0.796345688926141,429
2630563,PVT1,PLA2G5,0.796346423855321,385
4594845,CAPN1,IFITM1,0.79634822797122,487
4594846,MRTO4,IFITM1,0.796348361515543,387
4594847,PQLC3,IFITM1,0.796348917080004,426
1980138,RNF213,GNLY,0.796349857558629,437
4594848,SMC1A,IFITM1,0.796350117863904,486
1980139,TMPRSS2,GNLY,0.796350601065043,421
4594849,SAMD12,IFITM1,0.796350941738398,355
4594850,SOBP,IFITM1,0.796353198303238,364
4594851,ARHGEF7,IFITM1,0.796353729009528,446
2630564,BCL2L11,PLA2G5,0.796354655598725,409
4594852,PARP6,IFITM1,0.796354712346029,369
2630565,KBTBD2,PLA2G5,0.796354981207612,448
7626442,STX1B,NEU4,0.796355295147021,316
4594853,LSM11,IFITM1,0.79635690836828,443
1980140,ZNF610,GNLY,0.796358089937367,444
952334,IKZF5,DRAM2,0.796358250067437,413
2630566,ZNF426,PLA2G5,0.796358397200039,467
2630567,C1orf194,PLA2G5,0.79635867263687,402
7626443,FRMPD4,NEU4,0.796359252447069,277
4594854,ADRM1,IFITM1,0.796359654237563,414
4594855,INO80E,IFITM1,0.796360155886631,437
379912,MAP4K4,CLN5,0.796360326922943,615
1980141,SLC25A28,GNLY,0.796360884566317,428
4594856,CPLX3,IFITM1,0.796361845962943,340
2630568,PCSK4,PLA2G5,0.796362510112004,434
7626444,TLN2,NEU4,0.796362862506942,235
2630569,WARS2,PLA2G5,0.796365070447412,430
4594857,MMS19,IFITM1,0.796365717979627,416
4594858,KCNK1,IFITM1,0.796365880044844,390
4594859,NPM3,IFITM1,0.796366275599319,342
2630570,LRRC6,PLA2G5,0.796366803630576,404
2630571,NBR1,PLA2G5,0.796366997683623,433
2019099,PLCD4,NKG7,0.796367174267601,290
1980142,SLC27A6,GNLY,0.796368780284701,395
4594860,ACTG2,IFITM1,0.796368901005199,397
4594861,SLITRK1,IFITM1,0.796369191791713,417
7626445,S100P,NEU4,0.796369296767473,268
4594862,GEMIN7,IFITM1,0.796369734921985,483
4594863,ZNF267,IFITM1,0.796369907876907,490
4594864,TP53AIP1,IFITM1,0.796370093117389,423
4594865,SLC39A14,IFITM1,0.796370236071757,518
4594866,SYCE1,IFITM1,0.796370374472148,419
7860661,PXDN,PRDX5,0.79637050269491,434
4594867,DNAJC18,IFITM1,0.796372152871068,388
4594868,EFCAB7,IFITM1,0.796372232436481,474
4594869,D2HGDH,IFITM1,0.796372482093673,424
4594870,LOC407835,IFITM1,0.796372818284946,519
4594871,ST3GAL1,IFITM1,0.796373269960862,441
4594872,OR14I1,IFITM1,0.796373501974749,419
2630572,C2orf70,PLA2G5,0.796374082724739,418
7626446,CDH12,NEU4,0.796374364343967,251
4594873,MAN1C1,IFITM1,0.796374702250171,415
379913,RSPH1,CLN5,0.796375074078971,560
4594874,ABCC12,IFITM1,0.796375336540551,423
4594875,PLXDC1,IFITM1,0.796376574070415,543
4594876,WSB2,IFITM1,0.796376800399698,418
2019100,FXN,NKG7,0.796376934935314,239
4594877,MAPK9,IFITM1,0.796378752159679,392
4594878,PDPK1,IFITM1,0.796379404937514,371
4594879,MPPED1,IFITM1,0.796380667127095,424
4594880,PILRA,IFITM1,0.796381097238464,451
4594881,TUBG2,IFITM1,0.796382036521004,460
7626447,ITSN1,NEU4,0.796382398003763,260
2630573,SEC23A,PLA2G5,0.796382457040456,506
4594882,PRKAR1B,IFITM1,0.796382734575105,375
2019101,TMEM201,NKG7,0.796382816427716,271
1980143,THAP9,GNLY,0.79638312308844,436
4594883,FBXO45,IFITM1,0.796383947221238,426
4594884,FNDC4,IFITM1,0.796384679955015,482
2630574,RPP30,PLA2G5,0.796384757953021,408
2630575,ANKRD36BP2,PLA2G5,0.796385533108352,431
4594885,TRAF3,IFITM1,0.796385583261299,479
4594886,CROCCP3,IFITM1,0.796385649564113,435
4594887,TTC17,IFITM1,0.796387133463367,409
4594888,CDCA5,IFITM1,0.796387392867053,453
7860662,VWC2L,PRDX5,0.796387627425741,414
2630576,PHKA2,PLA2G5,0.796388125022095,516
4594889,CDC42EP3,IFITM1,0.796388373562578,495
4594890,LRPAP1,IFITM1,0.796388897951439,607
4594891,ATAD3B,IFITM1,0.796390740054377,501
4594892,DBT,IFITM1,0.796391289651951,416
7860663,ARL9,PRDX5,0.796391877231511,409
4594893,UPP1,IFITM1,0.796392656625753,555
2630577,TTC14,PLA2G5,0.796394272567122,432
4594894,PARG,IFITM1,0.796396543551814,532
3059973,CCT6B,MITF,0.796397313908257,296
4594895,CHGA,IFITM1,0.796398297743351,522
4594896,WDR24,IFITM1,0.79639927959079,495
7860664,TPTE2P1,PRDX5,0.796400182538004,441
379914,NECAB2,CLN5,0.796401263840678,520
4594897,COL11A2,IFITM1,0.796401405495954,523
952335,ACO1,DRAM2,0.796402067758107,524
7626448,UBN1,NEU4,0.796403087213962,260
2630578,WDR93,PLA2G5,0.796403799094058,426
2630579,NCAM2,PLA2G5,0.796405842658581,368
4594898,ARHGEF2,IFITM1,0.796409043542092,392
4594899,PPM1L,IFITM1,0.796410873830786,380
2019102,LRRC46,NKG7,0.796412251664055,260
2630580,SERAC1,PLA2G5,0.796412859061042,426
4594900,P2RX6P,IFITM1,0.796413572292595,520
4594901,ZNF513,IFITM1,0.796413713898894,401
4594902,CACNB3,IFITM1,0.796414127474686,370
2630581,WSCD1,PLA2G5,0.796415496751407,416
4594903,RUSC2,IFITM1,0.7964156767132,442
4594904,AP2M1,IFITM1,0.79641583331117,418
4842343,ERC2,VPS13C,0.796415978459167,320
379915,ACBD7,CLN5,0.79641752595462,513
4594905,NSMAF,IFITM1,0.796419673019689,549
2630582,FRMD3,PLA2G5,0.796421247039772,381
4594906,SND1_IT1,IFITM1,0.796422157996556,491
1980144,SH3D19,GNLY,0.796423025900815,433
4594907,ZMAT3,IFITM1,0.796423124313033,431
4594908,TSPAN1,IFITM1,0.796423152288983,471
4594909,PRKAB1,IFITM1,0.796424130727237,474
4594910,FAM49A,IFITM1,0.796424373377124,376
4594911,FMR1,IFITM1,0.7964251661576,489
4594912,ABR,IFITM1,0.79642814960668,374
4594913,RPS6KA4,IFITM1,0.796428791789165,345
4594914,ADCY2,IFITM1,0.796429113102428,426
4594915,TBC1D20,IFITM1,0.796429982065172,409
2630583,ARL1,PLA2G5,0.796430798893608,408
4594916,UQCRC1,IFITM1,0.796430852017391,483
7626449,LRFN4,NEU4,0.796431507021438,233
1980145,LAMP2,GNLY,0.796431954617282,416
4594917,DDX51,IFITM1,0.796432696560807,390
4594918,HSPBP1,IFITM1,0.796433600190366,458
2630584,PIK3CB,PLA2G5,0.796433979942153,436
4594919,ITIH4,IFITM1,0.796434577771001,438
2630585,KCNC4,PLA2G5,0.796435308276823,449
4594920,IFT172,IFITM1,0.796435549543987,547
4594921,CEP135,IFITM1,0.796436768661524,609
4594922,TRIM3,IFITM1,0.796437713787223,430
4594923,FAM84A,IFITM1,0.796438452954865,430
4594924,CIDECP,IFITM1,0.796439589244461,454
2630586,NBN,PLA2G5,0.796440463519046,415
2630587,WDR77,PLA2G5,0.796440618457763,382
952336,HIST3H3,DRAM2,0.796441649950724,345
2630588,SLC45A1,PLA2G5,0.796444294238222,446
2630589,PALB2,PLA2G5,0.796445337120839,477
2019103,TAF6L,NKG7,0.796445441565389,241
4842344,CENPJ,VPS13C,0.796446829385598,332
4594925,WFIKKN1,IFITM1,0.796447773705699,424
4594926,HSD11B1,IFITM1,0.796449033318927,538
952337,OPRM1,DRAM2,0.796449615775044,378
4594927,LYRM7,IFITM1,0.796450477829117,462
2630590,FBXO3,PLA2G5,0.796451107902269,423
4594928,RORA,IFITM1,0.796451484574748,463
7626450,C15orf59,NEU4,0.79645174514719,276
4594929,BID,IFITM1,0.796452254227345,463
4594930,KIAA1586,IFITM1,0.796452935705999,472
4594931,FBXO9,IFITM1,0.796456411570519,480
4594932,MZF1,IFITM1,0.796456994454276,520
4594933,SMYD5,IFITM1,0.796457263722937,414
4594934,CREBL2,IFITM1,0.796458195160134,365
4594935,MECP2,IFITM1,0.7964589210607,566
2630591,CCDC65,PLA2G5,0.796460048116988,427
379916,GPT2,CLN5,0.796460105657008,498
4594936,OLFM3,IFITM1,0.796460307349508,387
7626451,REEP2,NEU4,0.796460977268139,301
4594937,MAP3K9,IFITM1,0.79646171948301,455
2630592,PMAIP1,PLA2G5,0.796462224121003,514
2630593,RAB3D,PLA2G5,0.796466057776972,391
4594938,AMIGO1,IFITM1,0.796469058000929,436
4594939,RINT1,IFITM1,0.796470960565229,449
4594940,CDK5,IFITM1,0.796471212413413,413
2630594,APTX,PLA2G5,0.796471926692153,408
4594941,LUZP1,IFITM1,0.79647332976541,503
4842345,LOC441601,VPS13C,0.796473845178148,317
4594942,MTPAP,IFITM1,0.796473851539521,457
4594943,CHRNA2,IFITM1,0.796473855087713,460
2630595,PDE12,PLA2G5,0.796473913208682,393
4594944,B4GALT5,IFITM1,0.79647551404511,363
4594945,AKTIP,IFITM1,0.796476175137375,424
379917,RPL29,CLN5,0.796476702727981,531
952338,PRIM2,DRAM2,0.796477003641349,500
7626452,HOMER2,NEU4,0.796478081796033,291
4594946,MOSPD3,IFITM1,0.796480295949265,363
4594947,BACE2,IFITM1,0.796480321695856,478
4594948,CEACAM19,IFITM1,0.7964808789371,515
4594949,AZIN1,IFITM1,0.79648203745803,356
4594950,MRPS36,IFITM1,0.796485334252292,466
4594951,CMTM8,IFITM1,0.796485929297755,402
4594952,RAB11FIP1,IFITM1,0.796486862116147,349
4594953,HRH2,IFITM1,0.796487463262675,374
2630596,ZNF615,PLA2G5,0.796487475254307,443
952339,ELP2,DRAM2,0.796487678352237,429
4594954,GOPC,IFITM1,0.796488457258659,488
4594955,RBM24,IFITM1,0.79648936958141,361
2630597,PBRM1,PLA2G5,0.796490209805535,468
2630598,FAM161B,PLA2G5,0.796490614664239,400
4594956,RFPL1,IFITM1,0.796490841659928,401
4594957,SLC7A5P2,IFITM1,0.796491172908416,537
4594958,HGS,IFITM1,0.796491493726345,452
4594959,GOT1,IFITM1,0.796493115628552,463
4594960,ADNP2,IFITM1,0.796494544080862,453
952340,ARMCX6,DRAM2,0.79649595554703,496
2019104,PAX9,NKG7,0.796497007898102,258
4594961,KLF9,IFITM1,0.796497951688291,520
4594962,FLOT1,IFITM1,0.79650026815547,386
7626453,TMEM74,NEU4,0.796500375001687,262
4594963,OR2L13,IFITM1,0.796502006890572,513
4594964,FAM160B1,IFITM1,0.796502346741908,363
2019105,TM6SF2,NKG7,0.79650406279647,262
3059974,NDUFB7,MITF,0.796504355356281,277
4594965,TOMM40L,IFITM1,0.796504771074462,422
4594966,PROX1,IFITM1,0.796505245918388,531
4594967,PLEKHM2,IFITM1,0.796506228754245,395
4594968,MAEL,IFITM1,0.796506978668268,366
4594969,SSX2IP,IFITM1,0.796509178380852,459
4594970,NIT1,IFITM1,0.796509331782216,361
4594971,CORO1A,IFITM1,0.796511350765472,401
2019106,FGFR4,NKG7,0.796511607184821,246
7626454,CAMSAP1,NEU4,0.796512309719127,248
952341,ARHGDIB,DRAM2,0.796512730013374,382
4594972,RPGR,IFITM1,0.796514138587838,590
7626455,USP28,NEU4,0.796514326739247,284
4594973,ASPHD1,IFITM1,0.796514633936283,433
2630599,ZNF10,PLA2G5,0.796514640653704,430
4594974,FBXW7,IFITM1,0.796514666572065,401
2630600,ABHD14A,PLA2G5,0.796515246099653,424
4594975,SBNO2,IFITM1,0.796516009380152,376
2630601,LRRIQ1,PLA2G5,0.796516415495032,411
2630602,CEBPG,PLA2G5,0.796517329993619,432
2630603,CLCN1,PLA2G5,0.796517614938382,427
4594976,SEZ6L2,IFITM1,0.7965181439934,455
4594977,PSMD11,IFITM1,0.796519234142055,420
2630604,MSL1,PLA2G5,0.796519390407692,418
4594978,TAC3,IFITM1,0.796520984677358,359
2019107,SAAL1,NKG7,0.796521658258926,254
2630605,TUBB,PLA2G5,0.796522955671014,358
2019108,LPL,NKG7,0.796523937700273,243
4594979,C11orf68,IFITM1,0.796524625673004,439
2019109,DGCR8,NKG7,0.796525459548666,256
4594980,VTA1,IFITM1,0.796525680620731,407
4594981,ARFGAP2,IFITM1,0.796525681680992,406
7626456,PITRM1,NEU4,0.796526102606324,255
4594982,SYCP2,IFITM1,0.796526630352619,548
4594983,UGCG,IFITM1,0.796527478926991,454
2630606,RAB23,PLA2G5,0.79652768859822,398
2630607,MAPRE3,PLA2G5,0.796528529910442,421
2019110,ANKRD45,NKG7,0.796530072526063,247
4594984,SLBP,IFITM1,0.79653111968123,349
4594985,RFTN1,IFITM1,0.796531171302167,370
2630608,THNSL1,PLA2G5,0.796532731107373,398
952342,RNF141,DRAM2,0.796534093659007,464
4594986,MAFK,IFITM1,0.796535252945582,368
4594987,FOXK1,IFITM1,0.796535594124957,385
4594988,RIMS4,IFITM1,0.796537269200698,438
2630609,SH3BGRL2,PLA2G5,0.796537269919411,437
7626457,B3GNT9,NEU4,0.796539269788953,299
2630610,EP400,PLA2G5,0.796539448013659,423
4594989,CHRNA7,IFITM1,0.796541831006776,388
4594990,RBBP6,IFITM1,0.796543182805616,387
4594991,ZNF500,IFITM1,0.79654344742344,404
2630611,ZNF699,PLA2G5,0.79654349735618,433
952343,NRN1L,DRAM2,0.796544867094877,362
952344,S100A6,DRAM2,0.796545070858928,330
4594992,PDK2,IFITM1,0.796545773932158,384
2019111,NEUROG1,NKG7,0.796545852833323,241
2630612,BRD2,PLA2G5,0.796546999165761,438
2630613,KIAA1324,PLA2G5,0.796547045165125,398
4594993,NAALAD2,IFITM1,0.796547347775009,534
2019112,CASP4,NKG7,0.796548071352398,258
2630614,ORAI2,PLA2G5,0.796548908538206,379
2630615,STK40,PLA2G5,0.796549181312076,412
2630616,KRT222,PLA2G5,0.796549392978095,435
4594994,KCNV1,IFITM1,0.796550016862567,398
7626458,ZNF562,NEU4,0.796550397277503,289
2630617,EXOC1,PLA2G5,0.796551502751766,403
7626459,GLP2R,NEU4,0.796553141350631,232
4594995,ST8SIA1,IFITM1,0.796554055995173,551
2630618,ATP6V1D,PLA2G5,0.79655676628108,378
4594996,RFPL3,IFITM1,0.796557178001021,424
4594997,ZNF862,IFITM1,0.796557870856537,397
952345,OLFML3,DRAM2,0.796558503598276,376
2630619,ANXA7,PLA2G5,0.796559037324272,435
4594998,IL17RC,IFITM1,0.796560082768887,488
2019113,GLYCTK,NKG7,0.796560434578785,247
4594999,RAPGEF1,IFITM1,0.796562073624398,449
2019114,CTTN,NKG7,0.796562617313167,254
7860665,FBXO11,PRDX5,0.796562807453025,440
2630620,GPD2,PLA2G5,0.796563070791171,392
4595000,ARNT2,IFITM1,0.796563892695193,398
2630621,CSDE1,PLA2G5,0.796565091595248,463
2630622,CCDC6,PLA2G5,0.796565643611835,362
3059975,NRN1L,MITF,0.796568662037848,304
2630623,GPC4,PLA2G5,0.796569026647783,366
2630624,RRAGB,PLA2G5,0.796570262365676,392
4595001,YIPF1,IFITM1,0.796570921047059,362
2630625,ZCWPW2,PLA2G5,0.7965722219962,410
7626460,RALB,NEU4,0.796573018538493,323
4595002,SDF4,IFITM1,0.796576434046604,466
4595003,RPUSD2,IFITM1,0.796577268654656,402
2630626,TMCC2,PLA2G5,0.796578206435277,517
952346,NEK11,DRAM2,0.79657921278476,371
4595004,UBXN11,IFITM1,0.796581138673262,422
4842346,B3GNT9,VPS13C,0.796584778969117,367
2630627,MAPK8IP1,PLA2G5,0.796585256617113,390
2019115,GTF2B,NKG7,0.796585274791574,247
4595005,SLC29A2,IFITM1,0.796585350983394,493
4595006,SAC3D1,IFITM1,0.796585398669293,472
7626461,PRKCA,NEU4,0.796586121361766,342
2019116,TXNDC9,NKG7,0.796586549819389,257
4595007,MRPS30,IFITM1,0.796586685801069,451
2019117,SNX20,NKG7,0.796586694187464,241
952347,ZNF217,DRAM2,0.79658687223852,416
4595008,CNTFR,IFITM1,0.796587935751152,376
4595009,BAP1,IFITM1,0.79658979391223,413
2630628,HIGD2B,PLA2G5,0.796591438051062,417
4595010,BAHCC1,IFITM1,0.79659169597426,440
2019118,STRA6,NKG7,0.796592922222443,235
4595011,WDR4,IFITM1,0.79659296217366,441
4595012,GGT6,IFITM1,0.796593024319254,373
4595013,VIP,IFITM1,0.796594334557525,404
7626462,UNC13B,NEU4,0.796595749874958,239
4595014,USP21,IFITM1,0.796596696704149,383
4595015,DIAPH1,IFITM1,0.79659674416913,435
2630629,ATP7B,PLA2G5,0.796597366086556,375
4595016,EPM2A,IFITM1,0.796600161532481,479
952348,RIOK2,DRAM2,0.796601085437964,437
4595017,SBNO1,IFITM1,0.796601142984184,420
4595018,TSPAN17,IFITM1,0.796601436421198,409
4595019,PGPEP1,IFITM1,0.796601992696583,441
4595020,SRGAP3,IFITM1,0.796602393225887,389
4595021,CREBZF,IFITM1,0.796603922027685,487
4595022,COL5A1,IFITM1,0.796605003457248,416
7626463,POMT1,NEU4,0.79660633050696,316
4595023,SUMF2,IFITM1,0.796606339703426,499
4595024,CADPS2,IFITM1,0.796606408494869,452
4595025,FBXO27,IFITM1,0.796607585435544,367
4595026,ZNF148,IFITM1,0.796607679320277,429
4595027,OTUD3,IFITM1,0.796608687771755,405
4595028,RTN4,IFITM1,0.796611305794331,348
4595029,MTDH,IFITM1,0.796612173408551,410
2630630,BZW1,PLA2G5,0.796612689467468,416
2630631,NBEAL2,PLA2G5,0.796612749105656,410
2630632,C20orf194,PLA2G5,0.796613463163607,411
4595030,HECW1,IFITM1,0.796614308976073,401
2630633,TNNC1,PLA2G5,0.796614566878822,404
7626464,PTPN2,NEU4,0.796616596659271,319
952349,ALKBH7,DRAM2,0.796617923497844,398
4595031,RBM5,IFITM1,0.796621018678873,361
2630634,ARL6IP1,PLA2G5,0.796621549590234,401
4595032,ZNF563,IFITM1,0.796621782015796,429
7626465,LOC731157,NEU4,0.796622324463583,276
4595033,ARL4A,IFITM1,0.796622690524928,321
4595034,PRPF19,IFITM1,0.796624252789619,369
4595035,C1RL,IFITM1,0.796624478373634,519
4595036,NEFL,IFITM1,0.796624738938095,451
4595037,IL1RAPL1,IFITM1,0.796626186511104,402
4595038,JAG2,IFITM1,0.796627173106835,356
2630635,ACTG1P4,PLA2G5,0.796629106645263,382
2019119,POMC,NKG7,0.796629516696451,270
7626466,TCF4,NEU4,0.796629583834835,255
7626467,ARMC1,NEU4,0.79662997793512,259
4595039,PCDHB9,IFITM1,0.796630419369567,456
4595040,RCSD1,IFITM1,0.796631168811461,411
4595041,ZBTB6,IFITM1,0.796631531431004,440
4595042,MAPK8IP2,IFITM1,0.796632289872387,404
4595043,TMLHE,IFITM1,0.79663447525716,474
7860666,RASIP1,PRDX5,0.79663611450109,431
4595044,ELL2,IFITM1,0.79663720360836,462
952350,CDC73,DRAM2,0.796637354792445,405
2019120,PALLD,NKG7,0.79663802813449,234
4595045,BTBD6,IFITM1,0.796638958156226,419
4595046,SMC6,IFITM1,0.796639049814723,407
4595047,C12orf43,IFITM1,0.79664051696133,422
4595048,RNF123,IFITM1,0.796641040790576,433
4595049,ANKRD34A,IFITM1,0.796643232103314,408
2630636,RUNX2,PLA2G5,0.7966432386137,488
952351,DEFB123,DRAM2,0.79664484378697,371
4595050,LAMA3,IFITM1,0.796645649286527,418
4595051,CDK9,IFITM1,0.796645848801553,387
4595052,ATP1A1,IFITM1,0.79664841512762,453
7626468,TPTE,NEU4,0.796648784473928,260
4595053,CYP2E1,IFITM1,0.796649815251095,466
952352,RBPMS,DRAM2,0.796649940640839,422
2630637,SPA17,PLA2G5,0.796651150358254,398
7860667,SLC22A9,PRDX5,0.796651441900305,402
4595054,IDS,IFITM1,0.796652759349874,479
2630638,CCDC91,PLA2G5,0.796655537729747,530
7626469,DDI2,NEU4,0.796655795526011,272
4595055,CNNM3,IFITM1,0.796655941938343,439
2019121,UHRF1BP1L,NKG7,0.796656605658545,266
7626470,SCYL1,NEU4,0.796657446436578,280
2019122,CES1,NKG7,0.796657905638857,249
4595056,SHANK1,IFITM1,0.796657991899786,396
4595057,TRMT2B,IFITM1,0.79665817674219,495
4595058,POLR1E,IFITM1,0.796658272861357,360
7626471,CSNK2A2,NEU4,0.796658972903562,240
4595059,ERC2,IFITM1,0.796660103378268,370
952353,RIT1,DRAM2,0.796662245913463,401
2019123,GPR19,NKG7,0.796662916947787,248
4595060,SPRED2,IFITM1,0.796663083298174,399
4595061,SUPV3L1,IFITM1,0.796665464143333,419
7626472,RSPO2,NEU4,0.796666670683192,251
4595062,OGT,IFITM1,0.796667089037318,367
4595063,PCGF6,IFITM1,0.79666917043546,459
4595064,RAB24,IFITM1,0.796669965638155,414
7626473,FAM135A,NEU4,0.796670112547841,276
4595065,PRKCB,IFITM1,0.796670361915928,469
7626474,ARMC9,NEU4,0.796671636515133,262
4595066,MTHFR,IFITM1,0.796673858963503,415
4595067,LRRC14,IFITM1,0.796676119264367,410
7626475,CCDC88B,NEU4,0.796676438901884,290
7626476,IGDCC3,NEU4,0.796678336374816,276
4595068,RPL7L1,IFITM1,0.796679089889928,386
4595069,NOXA1,IFITM1,0.796679324009216,391
4595070,ST6GALNAC4,IFITM1,0.796679818865285,394
4595071,KIAA0100,IFITM1,0.796680808502278,400
952354,CNOT6,DRAM2,0.796682325142747,349
2019124,CTRB1,NKG7,0.796683293911172,243
2630639,SYT17,PLA2G5,0.796684249292298,375
4595072,TTLL12,IFITM1,0.796685294812524,453
4595073,ZYG11B,IFITM1,0.796685439662574,362
952355,DRAM1,DRAM2,0.796685454727242,386
2630640,SCPEP1,PLA2G5,0.796685844390266,366
4595074,TAS2R20,IFITM1,0.79668934544952,472
2019125,CEND1,NKG7,0.796689813447564,266
4595075,TK1,IFITM1,0.796692843558811,426
4595076,IL17RE,IFITM1,0.796695069269076,489
4595077,FAM50A,IFITM1,0.796700369310657,437
2019126,FOXH1,NKG7,0.796703983979672,253
4595078,SMYD4,IFITM1,0.796706310147007,428
4595079,RAB6B,IFITM1,0.796708144894841,398
4595080,ATG9A,IFITM1,0.796710324513449,399
4595081,PRSS2,IFITM1,0.796710822855629,345
4595082,RND1,IFITM1,0.796711443754183,370
4595083,TMEM155,IFITM1,0.796712478492813,404
2019127,TARS,NKG7,0.796715118864703,276
4595084,CYP4Z1,IFITM1,0.796715148235492,367
4595085,TAF4,IFITM1,0.796715424629795,419
4595086,MYRIP,IFITM1,0.796716099009808,381
4595087,CREB1,IFITM1,0.796718037090775,373
4595088,GHRLOS,IFITM1,0.796718428729874,429
4595089,SPATA7,IFITM1,0.79672158686228,375
952356,DIRC1,DRAM2,0.796721970201202,359
4595090,COQ4,IFITM1,0.796723454084965,356
4595091,MED15,IFITM1,0.79672452622628,387
4595092,CHRD,IFITM1,0.796727649694166,409
4595093,RAPGEF4,IFITM1,0.796727930288054,384
2019128,IL10RA,NKG7,0.796727996923616,266
4595094,DOC2A,IFITM1,0.796732095649116,382
952357,CCT6B,DRAM2,0.79673253297208,347
2019129,KRTAP10_10,NKG7,0.796732659462389,263
4595095,RMND5B,IFITM1,0.796733654587345,374
2019130,CDKN2AIP,NKG7,0.796734267392981,246
4595096,PDP1,IFITM1,0.796736691557008,395
7626477,GPR61,NEU4,0.796736834131182,273
4595097,ADAP1,IFITM1,0.796737623228263,390
4595098,DAGLB,IFITM1,0.796741404942899,349
4595099,NMT1,IFITM1,0.796741912519614,380
4595100,RNF34,IFITM1,0.796744527971498,424
4595101,NR1D1,IFITM1,0.796745197431465,409
4595102,CLK2,IFITM1,0.796745511630273,429
4595103,ADAM19,IFITM1,0.796745790615062,357
4595104,DECR2,IFITM1,0.796745922300542,379
4595105,FMN2,IFITM1,0.796750225910387,421
4595106,SYNGR1,IFITM1,0.796751370151388,390
4595107,OXCT1,IFITM1,0.796751454926128,351
4595108,TRIM41,IFITM1,0.796753877738418,416
4595109,DDB2,IFITM1,0.796754390661998,394
2019131,BUB3,NKG7,0.79675617966123,244
4595110,GPATCH1,IFITM1,0.796756802825224,387
2630641,KLHL5,PLA2G5,0.796758636626544,440
4595111,AMY2A,IFITM1,0.79675960364994,374
4595112,CKAP5,IFITM1,0.796763057419306,396
4595113,CCDC22,IFITM1,0.796764510899251,379
4595114,NDST2,IFITM1,0.796766787021085,363
4595115,R3HDM2,IFITM1,0.796767241491607,381
4595116,THRB,IFITM1,0.79677138154727,361
4595117,TBR1,IFITM1,0.796774360411776,392
4595118,ABCA3,IFITM1,0.796775401532428,384
2019132,SLC27A1,NKG7,0.796777692981832,251
4595119,YY1,IFITM1,0.796779374117363,360
4595120,NDUFB5,IFITM1,0.796784412649958,397
4595121,SPATA2,IFITM1,0.796786334248363,391
4595122,PMS2,IFITM1,0.796786892456306,373
4595123,SLC6A8,IFITM1,0.796788187895783,465
4595124,CDKL1,IFITM1,0.796789083924923,391
2019133,EAF2,NKG7,0.796794757433733,259
4595125,MOAP1,IFITM1,0.79679597128325,377
7626478,NEUROD1,NEU4,0.796796522841183,257
4595126,SIRT3,IFITM1,0.796796950566322,392
4595127,GRIK3,IFITM1,0.796800044006305,367
2019134,MSI1,NKG7,0.79680326083123,255
2019135,ITPRIPL1,NKG7,0.796803979022084,241
7626479,ANKRD11,NEU4,0.796805895375714,264
2019136,FBXO15,NKG7,0.796806166717119,228
4595128,TNFAIP1,IFITM1,0.796807768020253,395
4595129,GCNT4,IFITM1,0.79680957827552,390
4595130,GGT7,IFITM1,0.796809918431776,387
4595131,BRD9,IFITM1,0.796810095642008,403
4595132,PIGS,IFITM1,0.796811086254833,382
2630642,SLIT1,PLA2G5,0.796811175863675,367
4595133,CRTC1,IFITM1,0.79681161061787,383
4595134,SH3BP5,IFITM1,0.796813471053888,369
4595135,LZTFL1,IFITM1,0.796813921800806,372
3059976,SOX8,MITF,0.796814522432951,321
4595136,SLC35E4,IFITM1,0.796819236094241,371
4595137,SPG7,IFITM1,0.79681950866462,365
4595138,DMPK,IFITM1,0.796821461279664,384
2019137,KRTAP4_1,NKG7,0.796822318989477,258
2019138,ZFP41,NKG7,0.796823252995747,251
2019139,ZNF565,NKG7,0.796825242645593,269
4595139,NR2C2AP,IFITM1,0.796826200856694,344
4595140,RSL1D1,IFITM1,0.796829081273548,372
2630643,IPW,PLA2G5,0.79682914028329,515
7626480,EXTL3,NEU4,0.7968294669013,263
4595141,TAF6,IFITM1,0.796829946264965,389
4595142,TNPO2,IFITM1,0.796830251940815,368
4595143,LRRC28,IFITM1,0.796839137091186,385
4595144,YAF2,IFITM1,0.796839698017927,361
4842347,CSAD,VPS13C,0.79684043609972,291
4595145,CYP4X1,IFITM1,0.796841848826329,340
4595146,C11orf95,IFITM1,0.796849951490317,363
4595147,ZDHHC8P1,IFITM1,0.796851377982455,328
4595148,KCNJ4,IFITM1,0.796855939780504,372
4595149,PDSS2,IFITM1,0.796856593714384,392
2019140,RASSF4,NKG7,0.796860805556733,273
7626481,ZNF362,NEU4,0.796861294700768,291
2019141,FASTK,NKG7,0.79686567615181,249
4595150,ASS1,IFITM1,0.796866237535216,345
4595151,SLC25A44,IFITM1,0.796867615412107,367
2019142,WFDC8,NKG7,0.796869247708285,254
2019143,AADACL3,NKG7,0.796870445929759,258
4595152,SPIRE1,IFITM1,0.796872558186315,381
7626482,SFXN3,NEU4,0.796875501389842,251
2019144,CHRNB2,NKG7,0.7968778678368,245
4595153,KCNIP3,IFITM1,0.796878649604579,375
2019145,TM9SF4,NKG7,0.796882486449759,244
2019146,EEF1A2,NKG7,0.79688324123701,260
4595154,FBXO41,IFITM1,0.796886198118652,368
4595155,CXXC1,IFITM1,0.79688976180829,395
7626483,VPS52,NEU4,0.796894260200128,288
7626484,ZNF142,NEU4,0.796899754307072,274
4595156,CSGALNACT2,IFITM1,0.796899901512214,409
2019147,KRTAP12_3,NKG7,0.796915159902578,268
2019148,TLR9,NKG7,0.796916426984944,238
4595157,DNAJC30,IFITM1,0.796917441318832,365
2630644,ACTR8,PLA2G5,0.796917636247584,448
2019149,ALG1,NKG7,0.796920409053925,248
2019150,C3AR1,NKG7,0.796944394045724,243
2019151,UBA3,NKG7,0.796945965614053,262
2019152,PRKRIP1,NKG7,0.79695209663355,228
2019153,TBL1Y,NKG7,0.796956944750179,262
2019154,RUNDC3B,NKG7,0.796961130470384,264
3059977,RPL8,MITF,0.796967942643169,264
2019155,RFX5,NKG7,0.79696866406914,271
2630645,SLC20A2,PLA2G5,0.796972651225733,523
7626485,MAP3K4,NEU4,0.796981007981037,244
2019156,DNER,NKG7,0.796982169926954,247
2019157,TRIM46,NKG7,0.796983336838568,243
2019158,USP3,NKG7,0.796996861645976,259
2019159,APOL1,NKG7,0.797008974482044,263
2019160,ORAI3,NKG7,0.797010248155275,252
7626486,PPFIA4,NEU4,0.7970141960673,259
2019161,VPREB1,NKG7,0.79701501804621,241
2019162,SIGLEC15,NKG7,0.797018005246655,251
2019163,IL7R,NKG7,0.79702851148782,278
2019164,CEACAM21,NKG7,0.797038566088475,252
2019165,HLA_DPB2,NKG7,0.79704716652019,245
2019166,CCDC134,NKG7,0.797050121160873,263
2019167,ANKRD29,NKG7,0.797058718993523,271
2019168,GALP,NKG7,0.79707563151784,234
2019169,LMAN1L,NKG7,0.797086779087698,242
2019170,IGFL3,NKG7,0.797088396853376,260
2019171,IFT74,NKG7,0.797093945977486,233
2019172,LIAS,NKG7,0.797095174231718,265
7626487,RPTOR,NEU4,0.797097601428101,253
2019173,DTNA,NKG7,0.797100733761737,257
2019174,OR4D2,NKG7,0.797111405225775,250
2019175,ANAPC13,NKG7,0.797113315320622,232
2019176,PROP1,NKG7,0.797122600967075,238
2019177,CLEC12A,NKG7,0.797126171232799,245
1980146,EHMT2,GNLY,0.797140130350504,1474
2630646,GPATCH2,PLA2G5,0.797335275713689,412
2630647,DNAJB7,PLA2G5,0.797396904854011,459
1980147,ZNF211,GNLY,0.800320124213605,1238
1850047,BTG2,SRGN,0.80676310568905,1166
