,CDR1,AVP,HCRT,OPALIN,TMEM88B,MBP,GRM4,TAS2R39,GRIN2B,NEUROD2,IL1RAPL1,SLC6A3,TH,NCAN,SLC17A7,OXT,NTSR2,MT3,NR2E1,PMP2,GRIN1,RIMS1,ZFHX3,SCRT2,SYNDIG1L,GSX1,KCNN1,TTC9B,CACNG8,GNG13,MRGPRE,PAQR6,SLC6A7,FGF3,FOXB1,TBR1,CREG2,MAG,SULT4A1,BLID,FEZF2,GABRA1,CCKBR,HRH3,CACNA1E,MOG,KIF5A,TLX3,GAP43,CHST8
0,0.2605338392743491,0.1150694240680778,0.113169251569217,0.0090130994317213,0.3601211652890879,0.1978966121224657,-0.3216782435226581,-1.0511393890845928,0.3735732654064237,0.4899308072305071,0.0067551617035905,-0.8992059311677861,-0.4476277594356517,-0.8583072132937396,0.5287129049963235,-0.9043202612755432,-0.7998130519351948,-0.3344712554501344,-0.1030125753565727,-0.8125092675101383,1.3299592309740145,0.9306547357413618,-0.8854415502106701,-0.1552874092147981,-0.3267396025458307,-0.9175778836344156,0.1761924293407537,0.122582401669801,0.6737596558941935,0.504163930229874,-0.1989048617353929,-0.1318722098373154,1.1615175056531046,-0.7951518583327744,0.4629974095671147,0.7198514332701192,0.7766792661612394,0.0470739042574921,0.9303608179411076,-0.5074709184568366,-0.0573388777764064,0.4895339012543389,0.4659894168562287,-0.6607969660986842,-0.4376502811783934,-0.0219386085874817,0.5377815254443481,-0.5749557575270698,0.2597516070081142,-0.4502977694340339
1,0.0931204264238538,-0.5088562163783491,-0.8726344184290089,0.7060388702968838,-0.0845128939449433,-1.3684046573336013,-0.153328667023446,-0.4926642502442207,0.0516571352323417,0.158088809079212,-0.019722787110013,0.3922093860207823,-0.4329779460799098,0.7867221314108991,0.0407742314710865,-0.0265888803997662,1.024344945284284,1.166372105916043,1.1379961317885652,0.4114383209591901,-0.3116513220449765,0.3234728888546564,0.0440537647588988,0.3090704200787105,0.1339588176086593,0.6262277547190703,-0.1327997299282775,-0.1503703869507481,-0.6851517635854752,-0.8463296414847539,-0.8823937441533838,1.108402955931798,-0.6171611187410211,0.4827869266420101,-0.0457391570750835,-0.5291326637679536,0.0885964837294427,0.666493295773815,-0.5311593327865753,0.6734586975006367,1.1345434309112647,-1.017886519969449,0.2828017953499268,1.3755746797688078,-0.2494580225835919,0.9334195079560856,0.1048046499387297,-0.1393718248114368,0.4249128175891145,1.516260846384362
2,-0.3933236934824416,-0.2096744858228299,0.499442322584587,0.2213161897691455,0.3741027419232484,-0.4816907875797473,-0.10256054470301,-0.5722479126826922,-0.5307278304714419,0.4970982947603604,-0.6969684552060671,-0.530451365653555,-0.2129575345098453,-0.5579938948836392,0.5487235145442432,-0.5078588071419066,-0.6449657382686579,0.4550892069175266,-0.2482081277207511,0.1004450828238556,0.9545419563308896,0.7108846135384943,-0.4111770817437025,-0.4152678728787818,-0.2837515779717172,0.000742873033953,0.8056715671439527,0.0619372064300674,0.3986662617145702,0.9144960643421112,-0.0867959949181168,0.5960860184605438,0.1666493136715505,-0.0910492334517423,-0.0183009871018353,0.2278210837048869,0.5061076815158323,0.5506613220148578,0.654783723098588,0.0008994288261918,0.3735871886001632,0.7043219367213457,0.4931613236801703,0.1868358279709178,-0.7536110864646962,0.4874069672279665,0.2440182519979311,-0.2531478968074083,0.9078493455596772,1.0476035432944557
3,1.220160585047719,-0.2871941597507148,0.7974357627670433,-0.3884923117505496,-0.1059066077188813,1.4006999656469028,1.6639515910141134,0.4334437804995106,-0.7219984368007065,-0.0576799608278322,0.5890691198554973,-0.4064860276375943,-0.5099117916602356,-1.1658671619404963,-0.0980214523957321,-0.0755150417263357,-1.247285539501229,-1.5146032916833854,-1.636048128894331,-0.6664452645595249,0.7119823690773067,-0.5298535714560012,-0.9915562491495178,-0.0782201951629428,-0.569660792489678,-0.2658737350585763,0.5870724287719304,0.2425854630096886,1.2751929728518223,0.7848764795095177,0.3189979729979133,-0.1730118899487229,0.3244342630854713,-1.099624223719816,-0.866915186438228,1.0313260069053622,-0.2982928642491886,0.4044982540618185,0.6766128144242873,-0.98637482033144,-0.2351919609134252,0.7799076275934731,-0.2979082736107266,-0.9333609117417404,-0.8298403004287656,0.2005833302698213,1.2360497424561512,0.3778324495268852,-1.2145807647387283,-0.0094038555141261
4,-0.7816815480870958,1.931661286730269,-1.447441003378526,0.6318418664202873,0.0717933257855763,0.4994154941571791,-0.104535281931647,0.5917228594466271,1.0557330223092738,0.3879805107735696,0.0463411613368023,0.3174561647161131,0.1135044600555483,1.2393634161056026,0.5862885313879923,-0.1644211350080137,1.440550192188422,1.3916378350717742,1.8523877332316785,1.2813852350364012,-0.4499930152843555,0.4034430839840905,0.639737052956774,0.6767292821438595,0.8610096815271789,0.4897101605808978,0.5932726261039448,0.8639140718795234,-0.3059569788394491,-1.8808670190803556,0.1524731048033932,0.7310071597039305,-0.7636585998910748,0.0831876434780877,-0.0884132126714791,-0.5844725724815037,-0.02218681020113,-0.6824466149020626,-0.6777424560385988,0.2871019509712474,1.05619994134996,-1.288442834685585,0.1657091308021124,0.4067719989635026,1.1710439619043511,0.0152680011137307,-0.0608983921573397,-0.3899498718192831,0.5507008997944635,-0.3267231594884622
5,-0.1899067972279673,-0.3268541848130507,-0.0831278061692202,0.2900714122662722,0.1205250382486351,0.1478429312558203,-0.5048963854128038,-0.3984393949751906,0.5164500086420152,0.5884229682149814,0.2272358164452824,-0.3373936684562546,-0.5746517946069909,-0.0093657125113188,0.7268147084915942,-0.7841525262104208,-0.1428640362965996,0.3948811060006569,0.237978657528192,-0.258183845529872,0.7868508420842236,0.7441593410041456,-0.5271950424265324,-0.2215851578972368,-0.1871185541956752,-0.5303605663019355,0.3293675770833599,0.5886991308001401,0.2029256740820352,0.0383427874737739,-0.7567776369629929,-0.100074834341314,0.798933578610417,-0.4255343002557515,-0.0810327628574783,0.2759461063092241,0.7131745999006954,-0.2664698540765114,0.4437912188442908,-0.2367112670105744,0.167497543195677,-0.1371434662321168,0.4690443901205663,-0.5878850858169141,0.3113929103728693,-0.028844520021591,0.4231879447033919,-0.4324048975070229,0.3097527449676805,-0.6898483183239034
6,-0.011136117966201,0.3748942524553388,0.2405672254718064,0.0736627620567421,-0.2286739714808389,0.7797618351880911,-0.7621336067205337,-0.1850186729372739,-0.2639493544437099,0.2653969856560346,0.4783306492746968,-0.1238014248364438,-0.3074286641139497,-0.4833998037198616,0.1969446276749357,-0.1893596000196444,-0.5055486701966148,-0.1242669617675262,0.0236978696604223,-0.3484650476219199,0.4098073247676265,0.5177312538437374,-0.4141783902363757,-0.0660951188224252,-0.2254542807422712,-0.1129780272386333,0.2642186184359621,0.0076898943274028,0.7166554528303261,0.5153711161715974,-0.5991809717317005,0.0199300186449432,0.8298856468605559,-0.4208828548980136,0.4069389656771868,0.7877851911342731,0.4918807109602938,-0.4653892754699089,0.5457694943781274,-0.800215493651082,0.0915650344990389,0.485459310248803,0.3806889473594858,-0.8357016220975032,-0.0677993452685115,-0.3432388027416611,0.7947512627721771,-0.1524281421423722,0.435529880547747,0.0211627850243045
7,-0.1763426392011943,0.3525617674014475,0.3038490498178304,0.3024280132882559,0.3422829515384625,0.2363185045557995,-0.6201789815605376,-0.3958399216628048,0.5312234726297986,0.5324071502120012,0.1619200977628902,0.3059948151289194,-0.0701255926878588,-0.0024476176401968,0.6683238578572485,-0.4343639437240947,-0.091095193389954,0.7536837285943553,0.5165900189425261,-0.2177818948577955,0.6425272271438679,0.6971374108725953,-0.3851799444012357,0.6161771561628839,-0.418050121417991,0.1191087728776955,0.1514630672152666,0.4873867468931544,0.2502795911613778,0.1382402794938896,-0.0569603492912159,0.0134314205973059,0.6709107694231319,0.2520356398031748,0.5076618446607402,0.4046177623042995,0.8382047218890606,-0.0210574464745508,0.2887970064929423,-0.1675588632266308,0.2777282892438121,0.0952554885010694,0.4866156000507416,-0.7005224034869232,0.2720999714550235,-0.0164976751609402,0.4028596407569484,0.5074317103993011,0.5805857594694294,-0.5866615726999724
8,0.0091641562257747,0.6511891537841126,-0.2186045711784385,-0.2022288733842098,-0.0061457771452117,0.1475546159607974,0.508286242089098,0.489937317647523,0.049783019348018,0.6623689855733637,-0.4091543193906274,1.020219123601239,0.5024195171011725,-0.9785201338304756,0.0486853590547015,0.1294123339041206,-0.3029450738940517,-1.2719311195763812,-0.5927689164491716,-0.951484681398002,-0.2391135144623049,0.6049420889508927,-0.2733567234354256,0.5196545984296015,-0.1594961193276293,0.2074546442145746,-0.2478735396305895,0.0193882301294656,-0.1143863955601584,0.3900922392083763,0.5493937478532794,0.1893300944299099,0.4348906489097914,1.0863597069817663,0.6966331326517078,0.3042565260239735,-0.3159848125293815,-0.6044012939273454,0.0358279165411876,-0.0868986209805778,0.8195951089038263,0.348165375865987,-0.0099639870783611,0.6144396943721899,-0.0415007477204041,-0.2925804606516574,0.3167607849561458,1.7964798625597718,-0.3737217618397333,1.1682766257403745
9,0.2955426933078404,-0.1537202113166244,0.143229618756877,-0.0381609741727931,0.115048458845519,1.3466910781699588,0.7128328210430296,-0.235509630493031,-0.5134483969314124,-0.0267881910947734,0.4482754293931449,-0.4594762247587365,-0.6116445728407368,-0.7895264256467861,0.0357213847151784,-0.3467300077135105,-1.2492745569797574,-1.047728434052405,-1.2902729248455576,-0.7034895995820653,0.7289285089516306,0.0080484865264414,-0.6774826577255944,-0.4271066694200072,-0.3562215119557969,-1.048702950437334,0.6445591975981033,0.3770493002732585,1.122707582110256,0.5818196016281754,-0.2598373532788876,-0.1230086715720843,0.7334358776786113,-1.009740828297061,-0.808910100765001,1.1325638077096924,-0.2942409058548182,-0.0398570140214773,0.6125130166322167,-0.775885062397325,-0.0932517845529468,0.918709375260148,-0.105494102222489,-0.9955567208100512,-0.3350423327892106,-0.0488155807570842,1.032460592841658,-0.3002239291360899,-0.7277558229110873,0.1354116268364665
10,-0.5839630553948644,-0.3214132716929912,-0.267551530257097,0.198412691518598,0.9777338934032284,-0.1960993345574619,-0.6995351969048802,-0.068069828053605,0.2999110813188951,0.3706625278402971,0.6676539938241184,-0.7615370266242029,-1.0024361060737608,-0.0273078324934998,0.662666868612936,-0.8682566935076118,-0.2978374244656725,0.2669265573941692,0.1161588549105167,-0.5221877871220642,0.7973277838179603,0.7307640574594253,-0.3973715461203262,-0.3170942730799874,-0.3636780600169664,-0.6355383822523285,-0.2078804419145589,0.2868607175273945,-0.2137588168265468,0.4335251525593978,0.15277170883491,-0.2567699260790388,0.1696095942986238,-0.4312216546901552,-0.7925393030361717,0.2716279279490298,0.5257312993677159,0.2125586747387018,0.4102237660909771,0.3910192413063545,0.0462983543067923,0.2329528116650437,0.4536241991576545,-0.127124636818121,-0.3440217884341351,0.2980377876968393,-0.0039425931995731,-0.5072500195162063,0.4492540792805394,-0.2644964778757769
11,0.5791992412446964,0.3662412271799149,0.8694984618605857,-0.3790991909626373,-0.0819300134464387,1.1778191793889654,1.0061143272462203,0.7320547355525416,-0.4001562756161176,0.0250935148206444,-0.191680114628194,0.6154084542958684,0.3163407188401608,-0.4367509985648315,-0.283828983041735,0.7435936494039106,-0.9109399713530738,-1.90923933383281,-1.3253026957907246,-1.2179072076334985,0.0923703761128996,-0.3588384885084371,-0.9026127475364906,0.3319847530718018,-0.7058779385245397,0.4920879653260785,-0.0852212232577562,0.0488577847011846,0.4582843488917428,0.5362771163265184,-0.3525174312513091,-0.3357831998679844,1.2599197645918625,0.5743087903594978,0.4898836657516637,0.8405311160417863,-0.519471152829607,-0.1399236044840745,0.244346199432864,-0.7549872903865884,-0.2048178081190854,0.5469504621097153,-0.5017443518732322,-0.7234270734667121,-0.2905622500398692,-0.1505210674909903,0.7813036090025525,0.933783809235354,-1.1368742558033411,-0.3012074332879683
12,-0.7991579127003509,-0.5872030694628738,0.2305013875621608,-0.467100795623406,1.0967222508098229,-0.3985315526501924,-0.7080340465955053,0.4605887814437803,0.1057957020603385,-0.1203013285076227,-0.3570522212007845,-0.0939097463431424,-0.3826279786086773,0.4684365835576907,0.0782313505789563,-0.1322674528310559,0.4081170521808649,0.5938545697226272,0.2885462208239292,0.023386143014442,0.1103496692734,0.31714544516896,0.1618935038186379,-0.7941440948304181,-0.072283327227765,0.1384019085859709,-0.2142371008128558,0.0464835236288884,-0.5070023544402291,0.0535208657610492,0.3947230545884146,-0.4664726375731907,-0.480562957460138,-0.1678643582225769,-0.5909255929961608,-0.4731748267139058,0.0148470382522453,-0.7988001992980862,0.0350774716810336,-0.3830873712615246,-0.2505806856070379,-0.2449820404865958,0.1292182805752103,0.3152935542132021,-0.2490390907626624,-0.7526298551044678,-0.1177255225924394,-0.0572579848635937,0.1940148738340543,0.1397268559691839
13,-0.8013343379063792,-0.3249831872789612,-0.3897896696982232,0.7466544008815192,-0.050129248493051,-0.1832193133845114,-0.7449855113547558,-0.4927835938817146,0.0435341290931142,0.3381639387396037,0.3695797920941377,-0.3663429258511291,-0.3461765755200167,-0.589219135262281,0.3906797934136921,-0.8064839316385615,-0.1555720543430828,0.4618306451072454,0.4956089873145218,0.0249299687802725,0.5515840558225731,0.6981545174702807,-0.4450711274336604,0.03963755982062,-0.2353245987895608,-0.2694463294793102,0.234581285106416,0.3570433773410443,0.1352670616591533,0.0660675984628877,-0.2380571379518779,0.6222742129097382,0.2464808891598962,-0.3237101047355926,-0.0525859312330404,0.1884375755689737,0.891424481853903,0.3107662226062225,0.0946413547146356,-0.1056925624435956,0.1382701363785021,0.0235360340499261,0.4918311095078815,-0.7867361595292593,-0.1535188769952959,0.2840905088026907,0.4091820463493539,-0.493590035540903,0.4842796208144773,-0.6378733751416669
14,-0.0125781523345105,0.5076916896690834,-0.9361068207105394,-0.1166371389687296,0.2230619711973601,0.893768814209405,0.3210580692111139,0.5398830303014903,1.4535824305987786,0.7841097933002614,0.0691162187400133,0.3129986714709573,-0.0577814564049373,0.5942705050063655,1.06536238742376,-0.5554969079251416,0.5530128672961413,0.6281682497203758,0.5045223275039752,0.2927506315529886,0.2766536245681498,0.8329454665637189,0.2929116673702012,0.4591825388432584,0.2384720545666789,0.510234826286682,0.3747019624560306,0.6497485626872415,-0.181685854105011,-1.2052608578793746,1.4762375176890212,-0.3323931652410333,-0.3435553160567159,0.1941785049612902,-0.3099396896107933,-0.2514868488037551,0.3880086061202979,-0.9441053324818632,0.4118431992222816,-0.3662300033825804,1.3929719049299705,-0.5336783793765556,0.2076014194969194,0.0144648925007984,1.398640346916437,-0.3544074328258991,-0.1192599791285739,-0.2904491273700206,0.204600444901421,0.6723726105081405
15,0.2115996210943656,-0.6484111007776141,0.0930552445572272,0.0532371600348944,0.2175034173674732,-0.5590564655420867,-0.0329514057901764,0.0997050769890035,-0.484456851682949,0.5657500193411028,-0.8674265369269794,0.3618834795945553,-0.8497347372285469,-0.7710860397732721,0.2999245850990649,-0.4414838621107642,-0.5177659566393685,-0.3195111640048862,-0.2009803599101371,-0.5346449335605878,0.2291759854158331,-0.3616845298510572,-0.7937548200002799,0.712526738903099,-0.1138761768259791,0.1601178214296374,0.5021129529194114,-0.4754009124790025,0.6598502991491039,0.4162260116537207,-0.1834619608277861,0.6024410639244073,0.592088414332354,-0.3571727399008959,-0.3536567922016085,0.6766713299026875,0.4768868196410546,0.584089457693937,0.4878943161703195,-0.3937077683997417,0.712442925256907,0.4513006839310159,0.3080278238891452,0.5804807801179851,-0.4994697840846799,0.7041739100936569,0.4919705837627821,-0.2607399489775805,0.5232749648675272,1.083171880273289
16,-0.3365107843630538,-0.5293619684912056,0.6599050157752042,0.2963752092269116,0.3162143511985884,-0.681305409586221,-0.5256372824233032,0.3887768062345519,-0.2485972248721432,0.470084070605668,-0.6468746703533963,0.4308211447511926,-0.4797573246215502,-0.2655237038295683,0.2774100433408484,0.1374236164711674,-0.697483404261601,-0.309177377455915,-0.1904654080609616,-0.6194943857509172,0.6589772851855638,0.7069296040661843,-0.3185973606238991,1.172947608422733,-0.2208414513071866,0.5443758275267887,0.3828490231993232,0.0460924356563384,-0.0465088604960432,0.3765441397701242,-0.1769580144781664,0.3523527002280572,0.3682264289877131,0.7589902216643298,0.4945404929003402,0.4003744719856096,0.619839315652367,0.2253476448507142,0.109575361263756,-0.0161321157660306,0.371412024244714,0.6003035026584788,0.3914802873155259,0.7268781675528263,-0.8921811922052831,0.1674168005139464,0.1212126660322607,0.6915901674039628,1.058886515800998,0.2800557245612305
17,-0.2168885416625931,-0.5320933352397036,0.4662510675372065,-0.0058817428043803,-0.714695700407164,0.1369673966860216,-0.4214273798720857,-0.0719729270607961,-0.074975502701779,0.4466006087544921,0.3053412145113919,-0.2025978995011221,-0.627200977943227,-0.4018007590692965,0.3555785602234103,-0.2697055634595308,-0.7573252481945786,0.3030228761529791,-0.2499273215498239,-0.8643093094368716,0.5722819922901479,0.0513887598386877,-0.6871993688703941,0.939050765133137,-0.1963180029271351,-0.2127641954033205,-0.1886120460497294,-0.0106221756778534,0.2409150935669857,0.8965615319160702,-1.082129515996711,-0.4187295411660454,0.6462430191765866,-0.2358889448254676,-0.0577791057339158,0.2937974582252393,0.5507732027052727,0.1786730687936476,0.1634709221974361,-0.4073347027381377,-0.2001869320876852,0.7326720501549975,0.4043710893314277,-0.0595901568762405,-0.6199254869147935,-0.1019447397128269,0.2893082423831252,-0.108043237940526,0.4583350062150682,-0.4555836742441017
18,-0.5408690832391303,-0.101900734988726,0.6206955520134848,0.669400541025992,0.4410507668421645,-0.2193194979159341,-0.4172867750736564,0.2263123227523665,-0.4001265414574761,0.1624823910586023,-0.0806436768838825,0.3554007341007504,-1.2783238270913686,-0.8596151104091654,0.3497417249600746,0.6116651063501353,-0.7920543165787302,-0.541975282178233,-0.23338930077511,-0.6190512729150577,0.4925828090944714,0.8835982938325567,-0.5436281825546808,1.1365438256295282,-0.2947902027926045,0.7487330395489621,0.2301495490882394,0.1899755249071306,0.1920058634881432,0.4425357152551835,1.0942757294412269,0.0250092469848313,0.4462549171202574,0.9666094369823928,0.4781410693233567,0.4848031663964045,0.6612658007653548,0.6714435540829947,0.4727223703841912,0.1554787070069204,0.12135139195563,0.8693661845491025,0.4896683911852897,0.2664666354664232,-0.884050498348769,0.5748072023278448,0.2369778719294467,0.5883973695999709,0.762128919546526,0.028709354449675
19,1.6361748203775486,0.8584490842214518,1.317430182814089,-0.9536352136600232,-0.0125857121217337,1.7936018038117572,1.564052421747722,0.6685072257034702,-0.2906687256084111,-0.4692911176860316,0.4026291164161605,0.7481358715117489,0.4646014906693587,0.4648556283560365,-0.1066733856323873,0.8207679774065015,-1.113447368674084,-2.310660021895553,-1.5884260775655186,-0.9918860335056664,0.3410571900902161,-0.7062359608954377,-0.7140593445053915,-0.3867737769929848,-1.217468360249134,-0.4804167535121264,0.205141635721289,0.3322962246736621,0.944207292910622,0.5165746455046991,-1.4494516219658509,-0.4244272803934487,0.3710147976153991,-1.232747707090554,-0.1772807795044189,1.266302347273396,-0.8739750332023045,0.1399864532878997,0.4367470846865215,-0.7512096291541973,0.0269027154135259,0.746442666645138,-1.0168496897754276,-0.9582301454631548,-0.0258845147530136,-0.0806085156682698,1.2162616699834128,0.7726022479069977,-2.078259999981272,-0.8878502285737184
20,0.0391893321241489,0.2925567832086718,0.870530165745957,0.4827279961777687,-0.1341707803852281,-0.1136166772293758,0.2721749412551656,0.0077227174027932,-1.3832894988329278,-0.1102779846755395,-0.1956555175398029,0.391277116489183,0.0914524215231316,-1.4980736742160572,-0.4115625662958836,0.0671080336044986,-0.5813557762646451,-0.943032750694938,-0.5624101211425424,-0.007164502246853,0.6416940782896795,-0.2737119688190305,-0.5287848396983968,0.7472617071372523,-0.4817545028986493,0.3284048039206022,0.4779476486129962,-0.0899059773496466,0.4575894745234161,0.0651966040159812,-0.269484704065385,1.2101233483485905,0.8245712619895479,0.359250688961031,0.8627549962243521,0.8913202235835557,0.2939185287222363,0.5654993232964348,0.6522995706039413,-0.4050716290121687,0.0901269424287106,0.823631079497728,0.0871189236024099,-0.0588942264351634,-0.7094781512883575,0.6885277383412047,1.0680179422522964,0.3319022949095965,0.0636045852044005,-0.2756697996463438
21,-0.6243629022195927,0.499981961303983,0.142010275597151,-0.273506932877836,0.6569398379195224,-0.1262175376712297,-0.1969370636105286,0.5839072701486019,0.5087739331346509,0.678929417486392,-0.6829957305213454,0.8869063638666622,-0.1076529353305292,-0.225868592694357,0.4848238229267164,0.1451487959248308,0.1131412661358077,0.2282456778311546,0.3688150372503917,-0.4652441340064138,0.1618041623528325,0.5619002589619593,-0.2652284390689509,1.230525897622863,-0.0351940118546754,0.8897044552294128,-0.0002538280186822,-0.1270136677736594,0.0665686314525267,0.3980010054629337,-0.3720414642738167,0.0758603684594589,0.5615212950268752,0.4356462078941809,0.7380111634172285,0.4944793403310729,0.5504971267002936,-0.3680647570938155,0.5174248780637635,-0.0018841729075212,1.0528338550704277,0.3226372626714745,0.3953030080891789,1.164852235938198,0.2208433203896209,-0.1203571888852626,0.5187694428489183,-0.0278167769627039,0.6669368678317349,1.0729460216674052
22,-0.0424033724489235,-0.172463757388389,0.4396220180474062,-0.0178869921082779,0.1206568582704246,-1.0267416391523614,0.2772745141780828,0.242251418357996,-0.8305614168617279,0.4669860317125672,-1.0453878789705726,-0.1229333082005324,-0.0457536594894021,-1.1522101864014405,0.2753395612199402,-0.3040628670785634,-0.5254732670183819,-0.0291272730364948,-0.466634861364848,0.2564241138190597,0.8454469423740966,-0.0153789295991729,-0.3336707875991654,0.351265826282563,-0.2828694706091818,-0.023674529546511,0.6514985937901584,-0.3545659971547442,0.3766126926150169,0.0071961650152801,-0.4635007303517517,1.043020439862743,0.4137214717483961,-0.046593294214007,0.2090797753348842,0.4822243595744133,0.4684573113822674,0.6505797121719671,0.6097890761322722,-0.107699019953251,0.7802533375476868,0.6167886460503745,0.3532555137045581,0.6071950671262694,-0.6293916947897044,0.7245910775417803,0.4409714223931283,-0.0031276678453587,0.5292204042591808,1.031423483321714
23,-0.4726788126808521,-0.0271752185560126,0.3417969253082812,0.0940295023974208,0.2074248496108035,0.5975479933011408,-0.5521000389299281,-0.6538534714892055,-0.1271229135452259,0.4309317086458089,-0.1891110107171105,-0.626926299904289,-0.4244130734145456,-0.4202610915199019,0.2814432697062252,-0.7436660309257188,-0.5057536700247037,-0.0172847534320335,0.0432033205954747,-0.6523395641029772,0.3124868574828254,0.0879716800061771,-0.8446867883705115,-0.6073090153153704,-0.4187074879100531,-0.8733699042950662,0.3735576685434734,0.0926444536083391,0.5598472169516625,0.7755776582162056,-0.6760494685736828,-0.1214607403748046,0.0669107481080003,-1.2384951255806524,-0.2896540334776175,0.5043738935972062,0.4129624090188151,-0.2342955796600801,0.3082624133123999,-0.8469134043284557,0.3028505442712757,0.3158936493911918,0.5363895996791525,-0.9253006500245844,-0.4012593815623216,-0.1814154206356772,0.3862356454155786,-0.1890943717436309,0.396373480101036,0.4910185772958906
24,-1.0142814076127002,-0.925403718032116,-0.9559618395501794,-0.7253321562740613,-0.1968356324842314,-0.7488196224434696,-0.5365964015246042,-0.4693298965019867,0.2547442534658735,0.5997763478053806,-0.2028839361325369,0.1409470183534143,-0.2839801848843949,1.4002790164458934,0.4276755685421388,-0.948768456800654,0.8987075156279408,1.1117457213058632,1.24881699732298,-0.043329524533153,0.1804349543518618,0.7542259430284846,0.0007285943343041,-0.100002876197702,-0.690570337186552,-0.0337320273183691,-0.1897157670196525,0.3499975829670753,-0.0830033772749125,-0.0600493284424063,-1.465283502404995,-0.7985562282622206,-0.2049393741749519,-0.0833327986556698,0.444974325222296,-0.1054188608889857,0.1762147500732951,-1.430454683221955,-0.3640966288687296,-0.1854300481212313,0.7789330629882084,-0.5081636824637916,0.5407189422031027,0.968992213584916,0.4162874025695333,-1.101707098930972,0.4480862913487789,-0.5098770370728931,0.3639896174049368,0.6470966370207976
25,-0.1937465784649844,-0.4048445283050764,0.3291361399681164,0.0081577915483599,0.3720647257248751,0.0847618245320419,-0.7688523194203759,-0.4559813346380025,-0.3880937687275281,0.3826294883961158,-0.5199353012598362,-0.7157053436804159,-0.9834293207736164,-0.0417716754180341,0.496716866710604,-0.3732868084187297,-0.4320864247510972,0.5234839050949165,0.2739375890637259,-0.4479910563812961,0.6955875345272738,0.3842849931780682,-0.5126986898696866,-0.0487928848272614,-0.4054694091767518,-0.4122364137805901,0.235147846934844,0.1480274206422848,0.4017878347423116,1.1303391643639211,-0.1014453242066943,-0.4034602255037409,0.2161548039202051,0.2063082341558572,-0.4850203608598159,0.3301344072704414,0.5714164296183858,0.2350895324989324,0.1565096792160357,-0.3365048671996757,-0.0937213039680268,0.6700266022223518,0.6540771626829092,-0.1872704941731003,-0.6476759114565414,0.1097932575927982,0.0748579541689994,-0.4229094217041828,0.7456958375556715,0.2713580399864339
26,-0.6069935771512783,-0.2815172703838913,0.0091863679829163,-0.1309138629020091,0.2536352809550766,-0.5978398283871077,0.1449560124576198,-0.38226063709742,0.069929496863229,0.631697221267965,-0.6396054504758448,-0.6463800712751675,-0.5144794487621748,-0.2015460014750962,0.6217216327740545,-0.6330313833627325,-0.3711383891171042,0.4436270756542066,-0.0032826553956287,-0.1066125307028763,0.7337012516763829,0.7420368076421376,-0.2479401556174336,-0.1525528951082654,-0.3552969423951818,-0.5244408859736998,0.6264027969594456,0.0931896895360379,0.2112601170309382,0.7400340573627103,-0.4391578745769419,0.1918332092988707,0.3219975434780592,-0.4533590613610239,-0.3107854722461021,0.1943372146188053,0.602679939860908,0.2301176611803322,0.5101384061009683,-0.2746971746731385,0.5588737760800035,0.47358670917307,0.5702750215319896,0.6372571727603236,-0.273119107673876,0.1421186116836939,0.2666031914277071,-0.4795912239426349,0.9363214341514204,1.0617503473706131
27,-0.2990436265578585,-0.2674007714667686,0.0315532500500396,-0.0617444256117827,-0.1540604266180629,0.4821799801998798,-0.2466792075116504,-0.1084657742699376,-0.4536694572933799,0.0730230289110437,0.2623220361809308,-0.4303375316747088,-0.1185938858246018,-0.9704117417424886,-0.0123101534277882,-0.7197784026990356,-0.444919258272187,-0.0168190171677993,-0.066723438051501,-0.2877529689406786,0.5059954550187256,0.3379632761941599,-0.6917240424760732,-0.0120892559928465,-0.1863566344478468,-0.3908104683191289,0.4969076361063305,-0.1848001984759017,0.7239794279939341,0.5008379838012424,0.0687166065641336,0.1970648175245377,0.5871231330389971,-0.5689610647833504,-0.1851684814574319,0.6600285125733605,0.3967786261697428,-0.4476457917799942,0.5604384063741819,-0.3834827871771831,-0.0058087922447219,0.5053084034948222,0.3393905338668176,-0.8000103541335254,-0.3345565925841327,-0.2820196597873078,0.8299348599188159,-0.4114912455288148,0.2011333210280481,0.2673005811749487
28,-0.3976737530906165,-0.2293275385284308,-0.2697235090585089,0.1244568181941684,0.0127179941889481,0.0437917065653157,-0.7393528316160367,-0.6712883337400323,0.1153907195803511,0.4125752702758622,-0.0548406336168226,-0.0985311087699056,-0.5203655854925567,-0.4299361687107261,0.5406335657360967,-0.5308954865062089,-0.2555267632028906,0.3871681321148505,0.1207377208792524,-0.2844894966612823,0.7183872178179692,0.3589284798827938,-0.3497325875574791,0.1666001290923817,-0.219359957636722,-0.4165180096474194,0.3422366651047718,0.4910168225939421,0.3962150022593891,0.3753450886963428,-0.293097255529234,0.3259471789628795,0.8601434232800221,-0.3908104003695112,-0.0720993832297217,0.3774393496923377,0.7117355717887333,-0.1080675567302418,0.3546260920985188,-0.4490512329246884,0.1816039985407734,0.1729992284341458,0.5136886612010332,-0.5052791460844298,0.0526906198808183,-0.0650922412584274,0.543459547600289,-0.2605103785566013,0.5306311203091105,-0.6067919917159548
29,-0.3460341848309257,0.051058455218933,0.2707886433543889,0.2149156044420039,-0.3569304222026996,0.0290406186052645,-0.5323024858914499,-0.2502134632390991,-0.1035122342439318,0.3309509645711585,0.0169385959581848,-0.1970828993616932,-0.1014463515203425,-0.7671415911348931,0.2980595687356862,-0.59033397908229,-0.3249036606742133,-0.0690033889261006,0.4043519147682022,-0.1458803282932713,0.9132242976088478,1.0536921336956224,-0.5712264460981492,0.1116752537935111,-0.2324111569783903,0.081863401305402,0.6854368068969126,0.0478972847988863,0.6039362185051218,0.4491484289674239,-0.0236370815387237,0.0803500641903047,0.7370945738464455,-0.3110367503613415,0.1392732875270829,0.729295386172568,0.95941677060626,-0.6838572447926882,0.7990519620012623,-0.667492477077182,0.2010223854176727,0.49341812332257,0.5891136577588058,-0.5868935845605142,-0.2572623255293221,-0.5004289224068832,0.826101459620483,-0.3932449769511679,0.8079043040263463,-0.14512927227293
30,-1.476683931883261,-1.516969869431791,-1.127418352227874,2.340270763707977,-0.1410933961773392,0.2676946728274491,-2.2456162245366835,0.5237753749299505,-0.911366493350767,-0.246424373849406,3.60088923031437,0.6617567406634777,-1.1750218394999647,-1.3727274146161177,0.0893140413289643,-0.1683651587845378,-0.2825618448040795,0.8661234197849911,-0.7702572781781013,0.6491093334955842,-0.8000530409344758,-0.6423992486646235,0.4213902507927663,1.7297677819228814,-0.8734251515484265,-0.1289544803605648,-0.385766149374536,0.1922961288869056,-0.7712576491963135,0.4208677702936488,0.6304284093487105,1.8674185118663489,1.012933782869506,0.9741342164080588,-0.716869828807264,-0.2396883940587079,-0.2387618987979271,2.165269936886535,-1.4276409813305015,2.763944568855974,-0.3057794870736292,-0.1976214540471343,0.404559925812685,-1.1921899479197018,-1.6943257363692192,2.2528615494187747,-0.294291927792588,-0.177614819615925,-0.6451012702612554,-0.5144847516662684
31,0.8706934580264692,0.2096676215312866,0.1398433078866288,0.5488995764096147,-0.7852837444431535,-0.0395762856896135,-0.6346557221588697,-0.3909056526274352,-0.0787244725778794,0.0450928158739518,-0.9525588395299592,1.3426879606273503,0.6077543534599766,1.4531390463074003,0.1960667036083829,1.204023401302613,1.1251253921284077,2.014470541276696,2.2429889729261228,0.6612938953405427,-0.7168483736237585,0.6521731884099594,0.0035528950226623,1.1043355045761898,-0.4881287196602351,2.0579160154551395,0.3660443671599379,0.9046713746522692,-0.4118595425507772,-0.4034650126346967,-0.3268424533686864,0.4478917623049977,-0.6228076262226221,1.748594141236368,1.3284882458627352,-0.2075860277628929,0.2619401305998646,-1.3775417496745324,-1.246543915389892,-1.1784634502954678,0.3196630398444938,-1.054224299800457,0.52226402951437,-0.2608688292612616,0.0599812425857833,-1.1782859236099803,0.6463252604459232,1.1263228673290644,1.094287005309086,-0.6060667718645435
32,0.6203726315141319,-0.6426384101862114,0.2813846659123703,0.6810220318035213,-0.1661599889950466,0.1054486440393632,0.0471643786019937,0.2311773651612733,-0.7283760052431976,0.2301743641750039,0.8384331919152979,0.0508645591133243,-0.2996775142830198,-1.0431673325783204,0.2044140722795802,0.0437176716277512,-1.088180762026051,-1.6041098609468445,-1.435369813130382,-0.7093637620998638,1.0631900237200993,0.1087560911822001,-0.1988551430121692,0.225660956297042,0.0010051811642193,-0.7823539597034851,0.1315040748239799,0.0976971228425651,0.3101341849350911,-0.3430349160752229,1.1586019966083028,0.559293461539488,0.9398227626405136,-0.3376961607638138,-0.1035469835695991,0.8911962348748579,-0.2329761873484265,1.1786176825248773,1.0127149546544776,0.0273246507324257,0.3389797350000181,0.7988809298454537,-0.2036359346066938,0.8393678831894601,-0.6062865921476034,1.3771424740132243,0.9649385054205906,0.3405083981296744,-0.6714315100869652,-0.6118308932990242
33,0.2641682581316608,-0.0806359378933525,-0.0601783415942211,-0.4431565696080065,0.4722445615973737,-0.7738176355999514,-0.3151064473506513,0.188406930167905,0.4941432868725678,0.5730957900153102,-0.1014548310313922,0.1717813235101009,-0.1673729704753691,0.7503880625359493,0.8008197078503239,0.257183556049583,0.5110717183282223,0.1290083495703935,0.0122164284236398,-0.3398282562082595,0.1916938371291356,0.2097610499242895,0.2408371101672197,-0.0496922612923635,0.1183858463604672,0.0219645186318553,-0.1580930205782497,0.3672070714490569,-0.1892511183034551,0.1366259572781819,0.5463638603058393,-0.2775132605056523,-0.3940821622696286,-0.1418352336780633,-0.0943569537191372,0.3206383640616685,0.377791464424446,-0.1015464668463572,-0.2214295596305128,0.1204342314442122,0.2969828522600374,-0.5016215855557502,0.2124839525253866,0.1125068122149141,0.9560102328479836,-0.0820492482798712,-0.3055923346352272,0.3145201801512038,0.173429488467185,-0.1009754684079537
34,2.290956236052148,0.8852232229098422,0.7710539876327481,0.3900594860184423,0.6689324574761393,-1.765909958001154,1.079279717648719,2.549704962392028,-1.156857047798447,-2.623088332422407,0.7502445178230073,1.8149652606809108,1.8022073300960963,0.3387357210297684,-2.7210803218716797,2.733592126075352,1.8740014547925767,-0.6524541971379655,-2.030409083732132,2.4959727584078246,-2.225891921833042,-1.8249480686662256,2.8734869574199102,0.0513175059173475,2.5639864312873257,1.8564847754679508,-3.1205486304747443,-2.647459855850726,-2.953614087059102,0.8997523390096477,1.2293415551684408,1.4022481260365738,-1.6019209667939205,1.5154437700116663,0.6193286876333199,-2.466700476515984,-2.573538361270004,1.5476975896149976,-1.4998734760752,1.628443518677125,-2.691709845650006,-0.6516638651649159,-2.7695278165626798,1.8340264728002824,-2.0537030595812884,1.5172898502573875,-2.112981547341906,1.483494947080012,-0.6051427375687546,1.1901560099147916
35,1.2818915601945686,-0.0076404364744249,1.0158038006812815,1.1167176006093351,0.1864444229887077,-2.17043840993861,3.2483224797648,1.3605914647554536,1.3920424627503818,-2.6231567701368803,1.3512039748766966,0.0326289845025899,1.062399903756206,2.070723713963804,-2.749208558023469,0.952541358357668,1.8318401886785924,0.5513021226076861,1.473368133228872,1.811371268485801,-0.9130507836614848,-2.7490131713167973,2.170120560733737,0.0963083188815481,2.753044743581777,0.3924645150467792,-1.91188374726602,-2.763946153426686,-2.036480571464765,-2.487724444338934,0.0071508556822089,0.0724471628589459,-1.7297639619681933,0.542300755306958,0.5184358671132394,-2.500588348651552,-2.6079620211473498,0.8860822583849224,-2.91114625734557,1.3815398946223576,-2.5209375033885437,-2.713628302585558,-2.4108050500749085,2.831631756605109,2.044773296999776,0.8713249902495691,-2.0270600001141683,0.2365183735510988,-2.2285709182344258,-2.45745230655484
36,2.146647865696718,-0.3266007504402224,0.5247689990938099,0.7503132822780638,-0.4859432363422022,-2.136366801061504,0.5668304750401633,1.0362900230661425,0.9981828495475144,-1.4186602793253096,1.1653658477869064,1.2298207386315674,1.4833204567064795,1.6986478689956994,-1.1848476100675267,1.5734179740766268,1.2331311908949465,-0.7081552158212341,-0.1574032814322254,0.9944508366522226,-1.4189634086077478,-1.1696764630310903,1.5122629171773632,-0.3100818370347476,1.7116119488090356,0.6980152637010107,-1.1594802122357506,-1.6273689210722997,-1.4444286918830358,-0.9148079551873116,0.5877591197306241,0.2982067584764834,-1.9282721070088116,0.18556616272419,0.3384264203039915,-1.0931911755357064,-1.4326180891346794,1.2025442231155123,-1.9857051877762928,1.6770097206969998,-1.701380975371498,-1.907869957835059,-1.94468784487348,0.4708689079991576,2.165748371094624,1.2409150742255863,-1.764833570873036,0.7349821563926544,-1.747467666237766,-1.4170740466561451
37,1.434516027669021,1.2035710295861393,-0.3425545830012406,0.910126560927754,-0.0855982771411353,-1.2311033129782325,-0.8428947266958252,0.7673723435954111,-1.8356265273317172,-2.609050278692055,0.586151349077242,0.5214397576229267,0.5400963596987604,-0.5679015365072538,-2.5826355582346263,2.4239634645784816,2.248148741655532,-0.2119945018429727,-0.4710242516616173,2.6352972036585065,-2.558760728332856,-2.8195469279980627,1.960882889095617,-0.6652158196842667,2.064074710313568,1.5011437321020151,-2.8122937003209567,-2.57543104824666,-2.2582953259060576,-1.9412140382026464,1.4699687132347583,1.063607852124617,-1.8668121323134577,0.5801239388350358,0.3755608662847812,-2.4259861411455312,-2.5530268822198736,1.3316168749622648,-1.886254722591678,2.1860158653960715,-2.6634119166521195,-1.7572727662732086,-2.5950231989702326,0.304356758181191,-0.8363941935544399,1.3580138326431754,-2.111768511758356,0.567704747815982,-1.522862481103966,-0.1934221158995038
38,1.0530460739325735,2.9409900842112933,0.7736289271450364,-1.886638460974812,0.8743106817439728,-1.4075935318566009,1.2956420982543826,1.216571361863826,-0.3194841440921295,-2.623162075041127,-0.5025963021551334,0.6215478079149743,2.0046716011604757,1.2296905420397166,-2.748144966333739,2.3634756667954524,2.267751167145392,0.040953737671849,0.067425141024657,1.1992825764286246,-1.5597255307341522,-2.4147734594893,2.785852617592484,-0.7820728708370891,2.515375888560559,1.8013643693872132,-2.8857373847025998,-2.0760513857023626,-1.8363185187784907,-1.978184266476974,0.0291409644293036,-1.6589290636113976,-2.3739213711497107,0.8892699783129436,1.270729278035222,-2.498057776033581,-2.4478331589611555,-1.5092877446688364,-2.127720604335065,0.857386307498468,-2.40043587649754,-2.389501678917432,-2.1966972196636863,1.8831715292971205,1.37863596945361,-1.8104775416960448,-2.308393324611968,1.740583495059186,-0.8769577624607726,-0.2409537693027788
39,2.5150924357763595,0.0937735174638687,-0.8284613687360352,-2.8033195907021167,0.911799309214998,1.1903266155776135,-0.1636954335612602,2.3668623013599195,2.970179519917954,1.1299479947888398,-1.7291499348932928,1.3109323073770456,1.7856830589160515,2.1877891423132407,1.083253834274417,1.5811052340303198,0.709622433982,-1.2016791778416522,-0.6565431685598097,-0.2121378194774163,-0.2965507422290882,0.7342197013505648,0.6661204861479306,0.2918752717373078,0.1240117625267287,2.233283332444908,0.5069758440017933,-1.5974634091121267,1.4694443392265488,-1.6388308388839636,1.5193567002884854,-2.376789738656931,-1.1961942612823286,0.591910987275095,0.3729456176237021,-1.4347873114940235,-0.1964185974790107,-1.9155856449358035,-0.0552119967871871,-0.4278601192248691,1.1999456539803186,-1.42738656190112,-1.6400575192734337,-0.7331515091212749,2.041632062582168,-2.1226970600637785,-1.6677606777954146,1.5398828044629338,-1.0587784101928428,1.6109577558610444
40,2.3773872496110133,-0.2639916049559068,0.8892939412984314,-1.2268504441672676,1.121969534369808,1.645143155084095,0.187383229144107,1.3132159336082538,1.1489096782900468,-0.6868123850001046,0.2008117024395166,2.740485137626241,2.2218581406613844,2.415765566210961,0.3618334870750314,2.461859613293802,2.2518728612767545,0.6660404950293933,1.390687482005356,1.879472113687016,-1.7012695393775914,-1.296156688970261,1.834949918319403,0.5790323502237038,0.5689693862486511,2.2489692692645025,-0.2269378244318763,-1.1749346627931407,0.9056511263066488,-1.4818772233481217,1.169602081915914,-0.4563863554995548,-1.8863479871445488,2.6920410608660363,1.4851023413577875,-1.6317123637976678,-1.4614771278290484,-0.7378466931200387,-1.7619363168106732,1.4826017799046076,0.3646871427945575,-2.1760783201666225,-1.2828057561892312,-0.4609176934326083,1.8130728418420463,-1.1495948474322673,-1.699028619967093,2.504905237230665,-0.985148354497083,1.157917310411762
81,-0.0323925693364535,1.352742799257714,-2.7915808498494754,0.6310774012597147,-3.7429859812526343,2.035114635434633,-0.9166667183472538,-3.141709809333133,2.6302104144623764,-1.6140244144385374,3.561982140512619,-3.3563976499393497,0.6252613520757436,1.1197986486082905,0.315300652393588,-1.7291739869375966,1.3878093196689525,0.1660695221593777,2.2245528291569387,1.7674931010276966,-3.125285830984667,1.5910536316632855,0.7702337308173735,-4.334313407848157,-1.07907179089362,-1.7738577927507746,-1.6886285251268232,0.5485694380390976,-1.1443394922711088,-2.145653482903104,-0.8437836080140303,-2.2766745787604346,-2.8962257445188224,-3.0569785279643944,0.7981820885596506,0.5695844999906285,-0.2040405211180136,0.2053987395145285,0.0595325904158742,2.217964141192605,0.4943010950534467,-1.3171861022437263,-0.2064163888686588,-2.2896885332805166,2.4765887627345,0.0125084036936055,-2.28359125074712,-1.1484414983129538,-2.2831129704408823,-2.7244185668104928
